#name,x,y,alt,yaw,pitch,roll,f,px,py,k1,k2,k3,k4,t1,t2
img0.png,72.5744732274803,32.5415068024538,5.8928641253744,83.4956498094635,83.0747103637701,-162.361392460324,38.0258641553147,0.00752618395978397,-0.0128263124285233,-0.19067486273307,1.40548757760002,-4.66400722259008,0,0,0
img1.png,65.9805392339206,43.1246210793321,6.07405335314801,73.6995656575527,83.3172579981443,-162.898600084793,37.8262240032206,0.00950594487200077,-0.0108212280532402,-0.173562540974068,1.43114213445437,-11.7452514045174,0,0,0
img2.png,58.1284314896419,53.9114987095093,6.21323292879084,62.0950600196657,83.2559931434741,-164.303619818626,38.2346192056314,0.00590098778778734,-0.0161559972753112,-0.154653219141323,1.11046262449719,-6.08389318867526,0,0,0
img3.png,47.5704134798975,63.0037192957599,6.34855492437881,50.7625220884397,83.6096487608317,-165.140476776632,38.3733583967965,0.00364295057553116,-0.0125800355239752,-0.257491764864529,4.65239633063908,-34.6605683499995,0,0,0
img4.png,35.8314295124319,69.5774577603271,6.44446834841595,39.3859547920139,83.8675748916949,-166.549640671122,38.2667193275284,0.00441488466323616,-0.0098181643638858,-0.218280096569745,2.76060551471655,-11.6568960370013,0,0,0
img5.png,23.5604813145365,73.9433689574388,6.46034460743474,27.2653497475415,83.6126764155832,-168.907858758076,38.1866789179491,0.00336853207987901,-0.015601323685053,-0.279485121690871,5.46051661178912,-44.238029076509,0,0,0
img6.png,10.4279743913918,76.3515356826059,6.41191753518555,15.5219714980415,83.6571093877814,-170.552922527857,38.2786635757212,0.000643980428964836,-0.0149395256868975,-0.396815377947981,10.3840924451769,-99.2022362143707,0,0,0
img7.png,-2.6753899711205,76.5773275604566,6.33132995357073,3.960971991359,83.7746072509598,-172.205366974323,38.373309243526,-0.00230322575844631,-0.0124951508230101,-0.397098133693012,10.5584979301846,-109.081917765081,0,0,0
img8.png,-15.8585578067174,74.5235102653093,6.21638540681253,-7.72299513583734,83.768150912984,-174.017897004661,38.4408244186117,-0.00169960295949081,-0.0117147750005829,-0.267886067537207,4.04399889724464,-31.447540470528,0,0,0
img9.png,-28.6521741728725,69.7385793379231,6.08364481965411,-19.3863573373819,83.6990853582736,-175.508539524106,38.3187268510393,-0.00224544866186825,-0.0111726792067021,-0.243371192239873,3.4960061916754,-27.390197364873,0,0,0
img10.png,-40.6304381229461,62.8434795959232,5.86439319791393,-30.6122365321556,83.6004948947015,-177.093898755531,38.2724406310059,0.00977330891289892,-0.0100758207435924,-0.160383425492372,1.89506889974266,-16.1777431260607,0,0,0
img11.png,-50.3692835023057,54.3447270255424,5.67385119286088,-41.2950833764502,82.9336472746711,-178.06928058231,38.0695281406466,0.0083976610974545,-0.0194804223565463,-0.0947711017773164,-0.982929933714176,19.6283861258994,0,0,0
img12.png,-59.7593992342778,44.0853850463319,5.42731033586683,-52.2000727353485,82.1861875909145,-179.041240613096,38.411135388491,0.0161907765884435,-0.0310691358682424,-0.204986778200028,1.29502999854747,-0.610724163954743,0,0,0
img13.png,-67.1813528061959,32.5999522556004,5.15454181922933,-62.4574493607275,81.9239655691226,-179.677019169215,38.819977605373,0.0252312873147961,-0.0337556659588978,-0.306819113855183,4.35666341175409,-27.4386092978375,0,0,0
img14.png,-71.4673809578252,20.127887516314,4.88265780819222,-72.2213424133719,82.349592623402,180,38.6310307515654,0.0303675547365406,-0.0214470146992162,-0.223021315921191,3.69371358311866,-27.0083747237429,0,0,0
img15.png,-73.6551715267331,6.72481221467222,4.62188262250994,-82.2049161943055,82.1883021087904,180,38.51993882769,0.0312903232451199,-0.0203811581587383,-0.242117094899943,3.94339793778605,-26.8970990273717,0,0,0
img16.png,-73.9456132847374,-6.69824922832854,4.35209406639828,-91.9416553801838,81.8597845165901,-179.268361292372,38.5462178769,0.0210195111156701,-0.0233333295030224,-0.165252115945087,1.60285836876711,-7.16977921119178,0,0,0
img17.png,-72.0544106575104,-19.9863489135705,4.08228554507678,-101.433583302367,81.5099538915929,-178.758945145948,38.8893836434547,0.0188309626408602,-0.0269377328451986,-0.32824873393228,6.68836690667622,-61.6275106184238,0,0,0
img18.png,-67.1110796520926,-32.7610788155303,3.91630172703565,-110.769777697487,81.7029428695748,-177.885219455572,38.7595871180981,0.0162786646778993,-0.0201625172778334,-0.424999364086009,8.85521093163422,-71.9175130932535,0,0,0
img19.png,-60.1159514404767,-44.3854403377787,3.75686307834227,-119.952974005791,81.5960300938691,-176.971317864507,38.5570431097087,0.0148843154002129,-0.0191409260492704,-0.299117442363072,4.61891447980078,-33.7317198967695,0,0,0
img20.png,-51.4817461182247,-54.6477019327286,3.5836691407069,-128.862833814079,81.6351923952194,-176.075563211128,38.5093934949488,0.0173714573906805,-0.0155770868209928,-0.345739075408493,5.80151470978405,-43.0741379545753,0,0,0
img21.png,-40.8651071574065,-63.1075956917232,3.49546484858361,-137.761794069986,81.8100968431177,-174.507221976698,38.3145355472162,0.0102022484160385,-0.00995739360739049,-0.34314540494931,5.58249948555138,-37.5975769074627,0,0,0
img22.png,-29.2189232398469,-69.9492639110442,3.37316553602139,-146.662524609799,81.5700576763096,-173.410204323076,38.3310818516775,0.011576947364815,-0.0123810963618369,-0.162942673332954,0.613279320879573,0.283059623804235,0,0,0
img23.png,-16.6080176984816,-73.6853804836155,3.41856616891163,-155.02142495952,81.6409656331961,-172.227248947687,37.9165031548183,0.0166222289762936,-0.00932974749571811,-0.138997434629516,-0.950338077055157,16.7064261794285,0,0,0
img24.png,-3.50863318462722,-76.2419793211577,3.44284263850355,-163.549099410714,81.7485460618234,-171.155074421368,37.914620484834,0.024887955881313,-0.00729218154594946,-0.0864468441444817,-2.07173772220031,19.876049022681,0,0,0
img25.png,9.85013549103496,-76.4212777308635,3.49529212184603,-171.847791365706,81.8971934203931,-169.867718137982,37.9786307187751,0.0332702532703879,-0.00456543522087543,-0.10481502411759,-2.84918678939214,38.770849364417,0,0,0
img26.png,22.9824526187015,-74.6589006393031,3.53718751580562,179.996015224312,82.1396157844181,-167.84291796487,38.1555134115956,0.0286300123478881,-0.000578233204108129,-0.0114101000536074,-4.84752490255107,55.2681739150231,0,0,0
img27.png,35.9071664593091,-70.4646731462508,3.63491042877138,170.982870657601,82.0829328323528,-166.325518180455,38.4340412515175,0.0212611670211276,-0.00295539367332523,0.00173639328850432,-4.29442284658858,46.2260449068006,0,0,0
img28.png,48.1445316485388,-64.562523318324,3.81857965301263,161.480859181742,81.7662901702374,-165.750103165369,38.7606527120497,0.0205884141713619,-0.0126669298039566,0.231395277095286,-10.173382477185,92.6801637986529,0,0,0
img29.png,58.2894616418567,-55.6925237670085,4.01163981790445,151.915779311523,81.5506878023736,-165.341228766911,38.6148786100765,0.0192074332997621,-0.0183096881963913,0.17389914462333,-8.27967248519502,69.8751444198923,0,0,0
img30.png,66.7054029140904,-45.0251339652744,4.26833398903772,143.08345089056,81.8263637618063,-163.868717707392,38.3781025865556,0.0139801237255525,-0.0150345717752053,0.228828684995134,-9.9458236550398,85.9228762840931,0,0,0
img31.png,73.2964113418516,-33.0755716999248,4.5911618314653,133.86504106905,82.0242255801866,-162.623392364959,38.2528705288738,0.0078472123971163,-0.0145876381088285,0.139433032210032,-8.08223876574189,73.0654631978899,0,0,0
img32.png,77.760521570008,-20.6864054494893,4.91910263216712,124.99551700583,82.3753393215842,-161.510053935584,38.2448412256901,0.00460441737180165,-0.0119445994859055,-0.0247762460549709,-3.23285285455723,32.199434691635,0,0,0
img33.png,80.0909151194465,-7.43794547508915,5.19491587254308,114.947096410946,82.4481311527078,-161.669115513312,38.2140152405005,0.00738320459483475,-0.0143137459892125,-0.104988990474642,-1.3299510879011,24.6889677966505,0,0,0
img34.png,79.9104154627952,6.17658790240422,5.44034232012196,104.903056091327,82.7542872241486,-161.407434931996,38.1761846693118,0.00486096947337515,-0.0118370670365209,-0.312443988147999,6.22462935758182,-56.3335177745283,0,0,0
img35.png,77.3238778901591,19.0789460550989,5.67521104718734,94.9565457621963,83.0165840249268,-161.42520343875,37.9481756328721,0.00368538329572223,-0.0100066933396961,-0.286984697415786,4.9419695566194,-40.5315455851248,0,0,0
