#name,x,y,alt,yaw,pitch,roll,f,px,py,k1,k2,k3,k4,t1,t2
img0.png,-63.57418250207026,-68.91228977368331,2.373225284513289,-123.9063186679135,85.81230885883092,-166.3141625262564,81.37550017650398,-1.754402556166904e-002,5.170177704091356e-003,4.503374972532924e-002,-3.975881006550631,81.74742316668315,0,0,0
img1.png,-50.60751785126204,-78.56081924443366,2.421491640676529,-133.8164902968002,85.9330516638997,-166.3686189273205,81.04240306304659,-1.746460580281077e-002,9.249515613487009e-003,6.164717881204801e-002,-4.378830249453174,77.30672321949305,0,0,0
img2.png,-35.81900330241286,-86.14600201103215,2.438618699006949,-144.0903032294482,86.04367573967042,-166.567383475406,80.85730521467796,-1.371065860665284e-002,1.33990130962652e-002,2.247045647317962e-002,-1.77893578192972,29.87769158997589,0,0,0
img3.png,-20.52110195622316,-91.11319830613498,2.461061877887838,-154.5330619347912,85.99889816987908,-167.1917909928518,80.87279459526664,-1.236724064759352e-002,1.075091884043097e-002,-1.772427410807697e-002,1.611176694199091,-36.27464186683753,0,0,0
img4.png,-3.955611045783527,-93.42821922319936,2.481145351226572,-165.3008592596843,86.00825613456396,-167.6997924761696,80.86738845926482,-1.279058121702202e-002,1.030356720915334e-002,2.910238219599786e-002,-1.587472282395566,12.77228969516368,0,0,0
img5.png,12.04514724003131,-92.50340432680277,2.524142472864768,-175.6462386662314,86.02714476043957,-168.3866772322505,80.56369810431796,-5.818023714414556e-003,1.021902340286201e-002,0.1094779701541483,-10.72839784104406,260.7193296213206,0,0,0
img6.png,28.27019372434482,-89.23373914656545,2.504312131081117,173.5069449670372,85.98237883914511,-169.0442072599217,80.7424343129953,-6.884184129711183e-003,8.272184921667952e-003,8.232339061954275e-002,-6.477811534675078,152.6761898948431,0,0,0
img7.png,43.36343473042715,-83.2978295215789,2.474731443630148,163.261259182461,86.05588446421814,-169.3515888072538,80.92820009067697,-6.965962846802389e-003,1.131547280849129e-002,6.095263293586706e-002,-2.339851479069799,-53.01143157040137,0,0,0
img8.png,57.44274779829925,-74.51996552604237,2.436873161632398,152.3054515086201,85.93771676043859,-170.1568067154872,81.01880052392816,-6.884817228433971e-003,7.070835239836198e-003,0.2557259013869977,-26.40805829876192,650.3034468723691,0,0,0
img9.png,68.72289180564101,-62.68889954248327,2.43845786517102,149.2124476295847,87.49807620245979,-165.1681969000092,79.75079083715437,6.915085625180065e-002,7.13364140850683e-002,1.747235817687234,-214.6169387590628,6479.074515998352,0,0,0
img10.png,79.79144427620743,-50.87685842651932,2.430597391519531,142.8660851540414,87.92098557671967,-161.7787483048128,81.31378534840408,7.67447708435082e-002,8.745884690913326e-002,1.398918897918448,-140.739019657697,3523.971353354362,0,0,0
img11.png,89.53588017029494,-36.86776365187347,2.273698623471424,127.8497408768473,87.2179342183821,-167.0208442697163,83.25695480265077,9.594108524232273e-002,5.987525441833814e-002,0.9531199869520658,-70.41792772834316,1273.763675896424,0,0,0
img12.png,92.899582055672,-20.73143294381985,2.161560615745286,112.8120281984899,85.97675121156439,-171.7987447216153,81.78261048759731,7.806581461395851e-002,1.379156927683039e-002,0.4286307750422451,-27.29854138206075,355.8978462394752,0,0,0
img13.png,93.97450110246659,-3.741486378826765,2.083597683732873,101.7727565188453,85.93756178507027,-171.9099008591967,80.79201370862606,5.474771322004372e-002,1.592096986319148e-002,0.2094884517824256,-8.558341595399835,-33.87687932734877,0,0,0
img14.png,92.94502179590596,12.0644277487627,2.021606210958826,92.13904259374929,86.10229651730873,-171.5546387988358,80.53498371395372,4.473271609635254e-002,2.447831139237089e-002,2.898381778649698e-002,7.187239699754801,-398.4333481968308,0,0,0
img15.png,89.63229005196962,28.51732380796173,1.956966691535313,82.28811385269456,86.14074570678864,-171.1441744922153,80.84545292351196,4.735175475999869e-002,2.723429664205581e-002,-8.005871713798844e-002,18.34164827745106,-688.4975053396365,0,0,0
img16.png,83.90440647406149,43.45621560180773,1.942150283406286,71.87332820958854,85.85955662778579,-171.4383172282641,81.17415563565859,3.458538048913882e-002,1.564493600408734e-002,-6.112313899383857e-002,15.7979844726686,-536.5893329277058,0,0,0
img17.png,75.28999347300402,57.97991456652263,1.900786339287383,61.94929822445989,85.93713994851998,-170.9184202631309,81.70951269968688,2.83030774318004e-002,1.881929843442091e-002,-0.1227710096638177,16.90728406807424,-499.9531658635066,0,0,0
img18.png,64.69837652543403,70.44878745507123,1.875590614301887,52.19791514046798,85.93810550399056,-170.5996037168577,82.27940054792225,2.129804778290507e-002,1.840038222509197e-002,-5.544971180359941e-002,12.55147427637188,-434.5620242095925,0,0,0
img19.png,51.93958962165227,80.73024242794195,1.82943029368229,42.66190771133802,85.93800176745826,-170.1397483511385,82.67652694765471,1.56008822189273e-002,1.892648853213597e-002,-4.02942590512721e-002,7.239144401082328,-268.8758591295816,0,0,0
img20.png,36.7150350786392,88.44929065528156,1.792671177685831,32.85715630325213,85.97372236072584,-169.5883103253552,82.4716155582671,1.145265911502606e-002,2.169517024106392e-002,0.1553926379249592,-10.52906677161639,196.3423844890738,0,0,0
img21.png,20.98148103145954,93.1915420659075,1.736414500658373,23.54414406832265,86.00177514984877,-168.8674806750742,82.35337575806847,5.60626873506865e-003,2.470292777781206e-002,0.2852710392465493,-26.55891366424638,638.7783237014272,0,0,0
img22.png,4.141262751536349,95.16971683326753,1.707153176126098,14.07447234632807,86.03456262161421,-168.1772249988616,82.17174277483396,7.843355539959893e-003,2.739825422159036e-002,0.4175792322621709,-38.82370897046646,973.8410116926108,0,0,0
img23.png,-12.09930990837398,94.43453282343866,1.684451437807869,4.789879368861852,85.99694144358065,-167.6794681479888,82.1894776734988,8.474013385735781e-003,2.662978658724777e-002,0.4825723588634468,-44.92566626663098,1201.791927231713,0,0,0
img24.png,-28.37500787698708,90.38696255986814,1.673445121863271,-4.956968534452196,85.96101407733123,-167.1801672968426,81.81667589948573,3.599386113961046e-003,2.647130744068852e-002,0.5796339624627271,-50.26605613521681,1351.263397760395,0,0,0
img25.png,-42.98094245647382,83.62837854800337,1.620769927837566,-15.16049534906167,85.69160162205729,-167.2991860346901,81.14649607021589,-9.305729230992224e-003,1.828379608830482e-002,0.8264893999863041,-70.28513653561278,1838.211270705556,0,0,0
img26.png,-57.28720744391647,74.95891190406415,1.632818934407157,-25.48012951490966,85.51322451084889,-167.1413877086634,81.36658749798471,-2.200065160870188e-002,1.03246554053532e-002,1.262211454040021,-110.55305683109,3029.71454912117,0,0,0
img27.png,-70.28166900667648,64.9468251784326,1.719348101988921,-35.5630349253445,85.28639266527786,-167.2860680380918,82.91124023123383,-2.634335335865215e-002,-3.92967437484054e-003,0.6414901024210834,-42.51089451669249,637.4325872363555,0,0,0
img28.png,-79.88263262787672,51.76563819046489,1.841766228730281,-46.1118929016363,84.83702940373034,-168.046731639168,82.680641825558,-2.718551230994521e-002,-2.427191627281329e-002,5.539413618926841e-002,-7.665405190695348,127.0222010761648,0,0,0
img29.png,-86.78571269784412,36.3376017043929,1.940151305886656,-54.56312778096495,85.39230895691024,-166.4300683718208,81.74495749691006,-2.28392982698071e-002,-1.589151903541028e-003,8.756386987635947e-002,-14.39979073551257,449.7311230149669,0,0,0
img30.png,-91.46705212222653,20.9593404694742,2.033359466703186,-63.70751743048679,85.55077348268028,-165.8703148550069,81.54405674927843,-2.082361883622629e-002,3.167684320845963e-003,0.1018474341842714,-14.65706691453362,436.7370827331449,0,0,0
img31.png,-93.56465596209814,4.433223317168652,2.115891956169348,-73.34410712873942,85.67572949405209,-165.4253741429834,81.43243476576927,-1.879878511827792e-002,6.615488503590465e-003,7.121527415804492e-002,-9.924803640983273,285.0178871138784,0,0,0
img32.png,-92.92846872665267,-11.63998458692252,2.190873436045745,-82.91552392317337,85.75421033529767,-165.2314133673727,81.43967864114286,-1.799303016874032e-002,8.053372826572326e-003,-1.479171983646728e-002,0.8264367678291245,-17.51390211639771,0,0,0
img33.png,-89.23290361771396,-27.97001884652189,2.264902744785549,-92.79420135383457,85.87527264110216,-164.9547757118713,81.29800799052256,-1.63874477456954e-002,1.13607693103758e-002,-4.865510313365883e-002,4.740098779879832,-110.5692579150165,0,0,0
img34.png,-82.77973425139415,-42.66130483978936,2.337843605830522,-102.6199358787342,85.96067575268984,-164.8376992288286,80.91883702063903,-2.198626844073004e-002,1.356009431344132e-002,-2.274360219857892e-002,1.958255071148032,-46.61674727534951,0,0,0
img35.png,-73.4302376370764,-56.27048920408534,2.41211950696146,-112.5173022474443,86.11094478463009,-164.5478320862261,80.31931702469528,-2.387267811369323e-002,1.86536086020502e-002,3.509212102370923e-002,-2.121452341995541,35.15878873290895,0,0,0
img36.png,-58.77769687460961,-63.84873145579986,33.11860957418793,41.45104331043186,73.839314755985,-0.8318179565382516,78.24205524336395,-1.8870034671082e-002,2.01420302406522e-003,0.3039583411514972,-1.907375563021358,51.68270726239288,0,0,0
img37.png,-46.82059123520049,-72.87550471727022,33.08261740184579,31.70125736561079,73.81297493777414,-0.7485383445087076,78.03816320219067,-1.795908422155927e-002,2.322890502998686e-003,0.2982359568554643,-1.212086905163488,35.22600701871273,0,0,0
img38.png,-33.07460107547426,-79.90602662694296,33.02148315011679,21.64210811288301,73.82086772628273,-0.6725762307009348,77.83632405350613,-1.607971779735713e-002,1.954041140260744e-003,0.289977131513028,-0.4910486815538669,21.53455188900436,0,0,0
img39.png,-18.86558205554432,-84.45706203346948,33.04895544987784,11.89755810457686,73.81345100593185,-0.5869915989944985,77.81563903229886,-1.518145184178106e-002,1.346037973301395e-003,0.2679953804526466,1.493581376281983,-23.89465254437484,0,0,0
img40.png,-3.479428245332112,-86.53988427666133,33.06380693433267,1.788118546152354,73.81487842541323,-0.4735375920752186,77.78687317518438,-1.372580892333022e-002,7.127646924480085e-004,0.2782506189411494,0.7166175366293365,-7.309889093410078,0,0,0
img41.png,11.39922619299053,-85.90436148042637,33.06184822899686,-7.93706726396213,73.81979255398628,-0.4129767240508774,77.74511979393559,-1.136344154291265e-002,2.117708507206423e-004,0.2835545482899884,0.2383958241869722,-4.277594375466695,0,0,0
img42.png,26.41723438845137,-82.61734715825358,33.04609410048469,-17.95601335074723,73.81186857918384,-0.3157341003643983,77.71815158421309,-9.404355019479633e-003,6.673017375102456e-004,0.2567258931003893,3.581431074185511,-119.9204131129615,0,0,0
img43.png,40.3497791862903,-76.93796789620535,33.04346465812913,-27.78009073053864,73.83004642781022,-0.2069682860507878,77.74657155819196,-8.656956343620983e-003,2.184818361125692e-004,0.2710509331822171,2.172015875070986,-111.1777349614233,0,0,0
img44.png,53.34342695956746,-68.71926554208801,33.00660974864191,-37.83026946425485,73.87897297996403,-0.1433391454853835,77.74637306374859,-6.465551057603657e-003,-7.135067872795093e-004,0.3107108401296195,-1.966740759878549,-24.73560184678185,0,0,0
img45.png,64.60838587479029,-58.77877692560491,32.97241970684681,-47.57941888474217,74.79034562706561,0,77.97837246104913,-5.618824349977467e-003,-3.276281164801113e-002,3.674464598723262e-002,10.77260146410466,-282.3759190437999,0,0,0
img46.png,71.85655512864996,-45.5717815801936,32.22704857084636,-57.40476891799158,71.85038905746848,-0.6798928684617387,75.45842352131297,2.432527561802622e-002,7.833847199719542e-002,3.10821149372813,-265.7531868157544,6913.581922601491,0,0,0
img47.png,79.33300198444003,-32.37242022863381,32.24206750422221,-67.53569253006569,72.0283313803033,-0.6805557959295042,75.99350861542266,2.856331994663661e-002,7.531850768881196e-002,2.746818273792013,-217.2842810755033,5129.930292618496,0,0,0
img48.png,83.93556546218649,-18.37314920318589,32.16363483453181,-77.4326365086999,72.21524606552863,-0.6374181672791497,76.16660221281639,2.765420293540414e-002,7.156717584584917e-002,2.478502793790355,-178.2312251137969,3844.119859842212,0,0,0
img49.png,85.81806354472945,-3.026927332778015,32.03180617851319,-87.87632925923489,72.46661915102071,-0.53299186511494,76.06945501388608,2.21771592887677e-002,6.460470265839174e-002,2.09990986985733,-137.0228611979916,2811.025938197104,0,0,0
img50.png,85.32384277003004,11.43637308512075,32.04046240959872,-97.69935184846861,72.74887366742368,-0.520683637936549,76.30114957406266,1.827077427385756e-002,5.540800322621792e-002,1.582633925734298,-88.14433321656311,1607.166871652732,0,0,0
img51.png,82.93189473672449,26.67386616601268,32.37528214581029,-108.0990079270935,72.8913895483322,-0.5497318460169133,77.28760662833811,1.485637828293979e-002,4.964063213124577e-002,1.368505037216673,-68.96253397733062,1096.004236739158,0,0,0
img52.png,78.99265816824246,41.14395653344357,33.01477675416492,-117.9949416553923,73.78429494734564,-0.5342427352360148,79.20053619999916,8.933122196704136e-003,1.441010439874925e-002,0.6807798855369254,-20.17813957314815,227.0344852334879,0,0,0
img53.png,70.66457539277417,54.62009815276364,33.12816601973304,-128.3249328470991,73.7199281884255,-0.4206413625140933,79.47787856256278,1.722875847302689e-003,1.618627784195902e-002,0.7036534234718096,-27.75488846958474,556.866212674192,0,0,0
img54.png,60.25162308626319,65.81942977371297,33.11120718324682,-138.2612775107037,73.71422129414239,-0.3457233713091759,79.48330137382288,-3.045458068057996e-003,1.675084411616794e-002,0.55453319523592,-18.16703523062509,369.4680289416407,0,0,0
img55.png,47.85358293680547,74.72220489863994,32.92364224301698,-148.2091111407549,73.7774465449248,-0.3436421888832381,79.08009632359975,-5.306268990400777e-003,1.575257310932447e-002,0.4288393050905188,-9.850677989409792,203.4438890775865,0,0,0
img56.png,33.74374770955265,81.76594351358581,32.80121861784806,-158.5622591919042,73.93058168825121,-0.4301439587344298,78.87559033485159,-5.525381792141189e-003,1.142666108952251e-002,0.396888812303858,-9.046302251616066,208.2672471144237,0,0,0
img57.png,19.29914541539551,86.38576648841787,32.79398232419776,-168.578590329459,74.22536020701025,-0.5400206863080572,78.99444879899465,-6.824306955490088e-003,1.224115596799672e-003,0.326570818127541,-5.99178007196566,152.5101746950112,0,0,0
img58.png,3.727581115767461,88.54632846221341,32.82069095558023,-178.9207551014785,74.54512357853686,-0.623374415984754,79.12385966877116,-8.784397039650218e-003,-1.026052547292889e-002,0.3461231078369268,-7.883030330561338,187.8160769056224,0,0,0
img59.png,-11.32031270221173,87.46836165057505,32.69963045377828,171.1275217617839,74.32822028435424,-0.7535222501447901,78.79849700589956,-9.564168971463675e-003,-1.282750978698429e-003,0.4265336298216632,-10.50972302060554,219.3735610589768,0,0,0
img60.png,-26.46639355188436,83.89835614561716,32.68560602091147,160.8456174747184,74.15699215986345,-0.8678897515382528,78.67302989406627,-1.06670671734596e-002,4.87817478627185e-003,0.4860240001052596,-11.98169741253224,225.8632695195894,0,0,0
img61.png,-40.42901203081592,78.20822376738444,32.77048344156276,150.9101632506305,74.10353162956855,-0.9202498671199337,78.83565480732064,-1.315043522955156e-002,6.008843886497905e-003,0.4898278984250516,-12.04770510915666,223.2572385241557,0,0,0
img62.png,-53.74248224980377,69.9884323435801,32.89601075964018,140.6530949312928,74.35605719976124,-0.9282699213146253,79.10455293043061,-1.67665944894121e-002,-4.601799305021947e-003,0.4452808800338417,-8.830514196915226,156.4465262810295,0,0,0
img63.png,-64.58918119648615,59.59268202256677,32.85013650251677,130.7560141465882,74.27313824878716,-1.086096983791309,78.90708427747751,-1.608499066048138e-002,-2.187563911929394e-003,0.3987558761515244,-7.55943368587711,158.2955712675988,0,0,0
img64.png,-73.56450740078483,47.62940763003386,32.88257290698495,120.9537860226003,74.11471711999756,-1.10029734643705,78.84767584920105,-1.812898791600224e-002,2.10256147039277e-003,0.2899963265557245,-1.240971840176724,53.00397613152271,0,0,0
img65.png,-80.62505199828995,33.72222953646429,32.90563590231691,110.7352931963401,74.04329567568124,-1.108101245796828,78.74960559912533,-1.975039789350845e-002,3.139030802361577e-003,0.1803113155349626,6.375561561296302,-107.852323066727,0,0,0
img66.png,-84.9816141335441,19.43894419023402,32.94104461032868,100.9618655342762,73.98161313817093,-1.111859120841046,78.62408600758673,-2.040561115811324e-002,3.693449459621047e-003,0.1815580680795543,6.826998692652501,-119.8585578003586,0,0,0
img67.png,-86.91500361393175,4.080095193745442,32.97767787656783,90.80868054958493,73.94450980748212,-1.123122837081069,78.52882073827402,-2.078477741213171e-002,3.433667044833119e-003,0.1764701807889656,6.521864840894595,-92.73902684301214,0,0,0
img68.png,-86.25945084499472,-10.84700524310353,33.03203231364775,81.03493580107111,73.92562958368369,-1.117516327852305,78.49447047950453,-2.060851515852e-002,2.598339871262053e-003,0.1892998418121493,5.319184944507536,-69.63196876676855,0,0,0
img69.png,-82.76221664316982,-25.98850357071379,33.02877118103107,70.87443783212279,73.87710492338951,-1.102801103681607,78.33353728615918,-1.998822983488615e-002,3.202296507886113e-003,0.1605711929443978,7.6427238343974,-125.3017811890809,0,0,0
img70.png,-77.17794410927674,-39.85447792486822,33.11832163179397,61.14796834550846,73.86425588358291,-1.054115943851188,78.42095223463787,-1.877543059179419e-002,2.305756621694755e-003,0.1995991275133163,5.052925262637245,-72.36173654271518,0,0,0
img71.png,-68.76555444394363,-52.81397567415319,33.09720877260911,51.08933373777569,73.85720141065865,-0.9622731289002528,78.23670311812313,-1.903618530281028e-002,1.74924083240118e-003,0.2428013256418954,2.375019520438366,-25.07093804590581,0,0,0
img72.png,-46.43265102359946,-50.38721807048701,60.18139591251401,42.03702442571748,53.07332071292781,-4.716938690470323e-002,59.77700780859649,-1.278534363090449e-002,1.739367582591797e-003,5.9032238693149e-002,-2.178478440353834,23.04609226974873,0,0,0
img73.png,-37.03459567305284,-57.70613441177071,60.23757610131683,32.22033681278045,53.04942239861888,-7.530107309493302e-002,59.79738137452043,-9.931329375015913e-003,1.343514911595726e-003,4.566413280695317e-002,-1.37820997446055,13.12594195422996,0,0,0
img74.png,-26.14955868361746,-63.39849879884004,60.2063870536559,22.08310631114345,53.07165918240716,-0.1191065952494957,59.74806227219684,-6.733400886224838e-003,3.019498588091139e-004,3.8879808113002e-002,-0.9097375545388723,7.376440127706008,0,0,0
img75.png,-14.83723550456581,-67.00946960601843,60.22821751250216,12.26769101270075,53.07304639903896,-0.1366406550907663,59.73830332749797,-4.615867639631962e-003,-5.40675012718935e-004,4.014698269551823e-002,-0.8454065957021785,5.30886898807655,0,0,0
img76.png,-2.616987585469773,-68.67664415335202,60.24790076883071,2.069942927634111,53.09699477240844,-0.1366444799171683,59.73859881139657,-2.832568513656444e-003,-1.710147684187838e-003,4.038964971555708e-002,-0.745537830902395,3.522681727768648,0,0,0
img77.png,9.216637505989077,-68.24075462394416,60.29059149528675,-7.72468819432508,53.09038880981215,-0.1369413594463013,59.78317527324878,-1.226019375081644e-003,-1.796081678856294e-003,5.126220753493389e-002,-1.207170420682363,7.793570682052696,0,0,0
img78.png,21.19276670513235,-65.6869751027178,60.3251389675891,-17.83100784403664,53.10865167614717,-0.129798184823904,59.83593156781175,5.382075826469191e-004,-2.324296819906592e-003,5.358427923469689e-002,-1.454959304916675,10.35064267478216,0,0,0
img79.png,32.26374973998308,-61.1041971203331,60.29228417481524,-27.73046736466366,53.06963830123377,-0.1472551079413179,59.81608905921191,2.72469286195093e-003,-1.018626624265157e-003,6.237717464133662e-002,-1.709690199235829,11.68201681800637,0,0,0
img80.png,42.6180744650985,-54.58395096022607,60.28366170834507,-37.84209018681796,53.04609425319107,-0.1587444901763295,59.85902002017081,4.763177651442766e-003,3.125961476785496e-004,7.770306185013083e-002,-2.180409215310772,15.60804341721592,0,0,0
img81.png,51.45917946378827,-46.57974475990729,60.26860367275953,-47.70669448246488,53.0737861411155,-0.1890177960264256,59.89831666735114,6.829509482519242e-003,4.850484363359059e-004,5.555949020833684e-002,-1.674357018668892,13.03461131448326,0,0,0
img82.png,58.93381319292621,-37.28213712462582,60.36616660752354,-57.53103418511751,53.20140596167388,-0.1441046960592534,60.0124381304865,7.068839297741476e-003,-1.908297796089172e-003,1.622562317518018e-002,-0.6613843013202668,7.841634736514567,0,0,0
img83.png,64.57552972665692,-26.28660845671948,60.21068265245373,-67.75219386805016,52.98462960307763,-0.1744203748226092,59.90678303980978,8.48827239005882e-003,5.809631625938636e-003,4.864574722578367e-002,-1.615374625474465,16.72678632908874,0,0,0
img84.png,68.16741644341698,-14.85839286787178,60.12071209233252,-77.65754948553455,52.93796169603013,-0.2187002601352634,59.87214685589736,1.038500269716489e-002,8.495008765046401e-003,5.496768190068492e-002,-2.082156783423845,22.42422755571158,0,0,0
img85.png,69.97593152739357,-2.429775441299119,60.20133770345676,-88.05941907629246,52.9918446135142,-0.239090567333914,60.02357122695084,1.084999557257356e-002,8.143800551547198e-003,4.391836250691624e-002,-1.751380021962694,19.6708386364261,0,0,0
img86.png,69.50736584819539,9.370977310415,60.21534717402432,-97.80857025040228,53.01813080368501,-0.2186479249447631,60.07685479127156,1.034956949699056e-002,8.425759527519953e-003,5.238521457029854e-002,-2.505517210359731,32.33708211307989,0,0,0
img87.png,66.89680464196596,21.59830785205044,60.28123004080615,-108.1568771207686,53.08888064461685,-0.2384119863849144,60.20545733358403,1.000411899981804e-002,7.23204439459183e-003,1.019838538794137e-002,-0.357575986351266,-0.8340118506687082,0,0,0
img88.png,62.51215185825256,32.71444709356148,60.45237752088411,-118.0022055272521,53.28466459338723,-0.2095239922039458,60.43121538379281,8.397699644912299e-003,2.140332738126204e-003,-2.103993223037203e-002,0.4472912290156242,-5.546215472894815,0,0,0
img89.png,55.88722542867129,43.35131122752238,60.57687924356338,-128.3217897914313,53.4680140408864,-0.2320134509728254,60.58942514915827,7.684460809923101e-003,-2.69145887398203e-003,-2.816249919535438e-002,0.4190241762849929,-4.630253299889591,0,0,0
img90.png,47.86337809970424,52.40875888275971,60.76887188094492,-138.2471763518357,53.69891593671632,-0.251343300356184,60.81797467553156,6.916012912273408e-003,-8.933818015133694e-003,-3.898505703812885e-002,0.7414438102646859,-7.199388828375723,0,0,0
img91.png,38.3672572717532,59.9010455633254,60.91601231574803,-148.1490476480727,53.80324021996928,-0.2358155156295152,60.98251820625057,4.682818902962175e-003,-1.172768140295719e-002,-2.302430066752904e-002,2.081525822208208e-003,1.391482435149466,0,0,0
img92.png,27.25620223129612,65.8792705884438,61.07717653889841,-158.4285083580871,53.89578827970719,-0.2176013696934335,61.16946039459232,2.615171510340073e-003,-1.415894560644875e-002,-1.813664372921102e-002,-0.1136701964625384,2.328918161249891,0,0,0
img93.png,15.72862891944111,69.82328875420505,61.33803721924205,-168.3510233857679,54.20872133934488,-0.1745405253959894,61.45723057850359,-1.070144449773549e-003,-2.337741603129145e-002,-1.901798003587672e-002,-0.3743009898111518,5.876384637993929,0,0,0
img94.png,3.142028777179406,71.06139885935404,61.08246120802479,-178.6116315348112,53.76914777811721,-0.2062412652279401,61.18810139393558,-1.724133000781365e-003,-1.013379645718472e-002,1.988049102022005e-002,-1.512822008704437,19.17849408751223,0,0,0
img95.png,-8.896157901312653,69.98006702041783,60.68316792973013,171.5258873368164,53.38706727424297,-0.2330783214200488,60.78250237532964,-2.57262054877103e-003,1.744102238210243e-003,3.330760187365205e-002,-1.289982760062269,10.53002750815271,0,0,0
img96.png,-20.95401582363231,66.98721454175254,60.50201891973103,161.3354315399391,53.14432825101901,-0.2417966443173464,60.5734838410056,-3.808897819101853e-003,8.872712962420521e-003,5.916266411801049e-002,-1.625060179811067,9.621652425620448,0,0,0
img97.png,-32.06024900349904,62.44664592180852,60.58774955243368,151.4563703032664,53.27130670106115,-0.2945628662326598,60.6662191027096,-4.362043955651997e-003,5.029042275944379e-003,4.34643413953216e-002,-1.132757885343659,5.950076147955339,0,0,0
img98.png,-42.5223776005078,55.70614392019765,60.62070883341771,141.2486149888758,53.34118024975373,-0.2953051390513509,60.69224557706203,-5.853569608614953e-003,2.36027521798652e-003,6.295241191181579e-002,-2.386008079059624,28.27078258764158,0,0,0
img99.png,-50.99897204142312,47.33156375459786,60.36647804899321,131.4689441101253,52.85539424203122,-0.2649998637590745,60.41498978015363,-7.69720836538902e-003,1.574070569812031e-002,0.1021518643688613,-3.280936615504082,36.48381572724767,0,0,0
img100.png,-58.16870749135789,37.90428590553218,60.37951235371168,121.7053934113587,52.87436720687512,-0.2086625028327672,60.37008263772404,-1.036769398441436e-002,1.42252075819453e-002,9.897428813731025e-002,-3.503978339605697,43.22343339292463,0,0,0
img101.png,-63.87320896589665,26.92882648187322,60.43045439182628,111.5121432178101,52.92411495170539,-0.1869753143485824,60.38597001130935,-1.186850711123904e-002,1.15112711282136e-002,3.991253726519049e-002,-0.6094531281923898,0.9848812167787389,0,0,0
img102.png,-67.37632486495109,15.60096803988074,60.42835586631343,101.7468296706193,52.92428589142276,-0.15029874242474,60.31624155200229,-1.342230470562542e-002,1.040627726896394e-002,3.849628577665485e-002,-0.5877689866834013,0.405806839318096,0,0,0
img103.png,-68.92614825204107,3.412140429018004,60.42111722006403,91.60516285737097,52.96295119395192,-9.714230726238919e-002,60.24446426501681,-1.546756381608837e-002,8.102728496538257e-003,2.32285717034456e-002,-7.886712619011617e-002,-3.643538950927631,0,0,0
img104.png,-68.31802190945209,-8.424092846654734,60.3734048852113,81.82750069986957,52.97707473870866,-4.516197148782894e-002,60.14453033898376,-1.702732384633323e-002,6.64722691794256e-003,-4.283306915498371e-003,0.7229715484755719,-9.355131889468952,0,0,0
img105.png,-65.56061049216297,-20.43632389978648,60.30404789289761,71.64948861397498,53.0134824871301,-2.882162655833963e-002,60.01259198807468,-1.7187646924824e-002,4.65487707281275e-003,7.745969006783548e-003,3.191787297596513e-002,-0.4974737688049977,0,0,0
img106.png,-60.92448633663509,-31.30773003434869,60.18734087063323,61.87768549839453,53.05344819283184,-6.815166678156941e-003,59.85354145961852,-1.714931660937866e-002,3.055476495551745e-003,-2.278118850019387e-004,0.3425695091895353,-3.297430564091469,0,0,0
img107.png,-54.25069914065684,-41.54582591026983,60.04744845816793,51.76055731869104,53.13938873361624,-2.936242377760584e-002,59.6698463660443,-1.539485264711425e-002,3.113750759671357e-004,6.340290654358659e-003,3.868493756254734e-002,-1.484493009310563,0,0,0
img108.png,-29.33597240826473,-31.56188185271668,79.99401700961876,42.72012733446405,30.73545202444694,0.3556047326490336,48.40635506606601,-1.027253215972104e-002,-2.593252497554025e-003,8.93429640221836e-002,-0.5110524115086221,6.338871939645264,0,0,0
img109.png,-23.42801196261671,-36.20452929896585,80.01828468816552,32.88746324957008,30.75909007184628,0.3427071940408047,48.42370041700158,-9.214461322669825e-003,-3.80737146604394e-003,5.155142877256962e-002,0.9654221061104611,-11.13451793044005,0,0,0
img110.png,-16.57854540235931,-39.872663140555,79.99706859495285,22.73170397780198,30.76024810105209,0.2965062809127481,48.4018364334133,-7.106135853505815e-003,-4.06365752129424e-003,6.480420924370164e-002,0.5873859409422119,-5.576630417427788,0,0,0
img111.png,-9.430673791390086,-42.18960858080438,79.98185314619927,12.89234487450194,30.80932954741939,0.2808779507322809,48.37836866922454,-5.954889509993576e-003,-5.717804710465012e-003,7.69867803930404e-002,-2.775975949765299e-002,0.3258402871150463,0,0,0
img112.png,-1.680766768745502,-43.28721757574492,80.00732790518458,2.664503611582469,30.81796073791483,0.2520914543408376,48.39521213320905,-4.003511994008727e-003,-6.385151048172184e-003,5.556853497978471e-002,0.7087992128626548,-5.79945208804994,0,0,0
img113.png,5.822023305951888,-43.06827855366974,80.09118651072929,-7.159883226477377,30.81542180888923,0.2332330752737871,48.4491638073237,-2.560416329063697e-003,-6.479723672590093e-003,5.965018090219225e-002,0.5519621306785402,-4.489658235761896,0,0,0
img114.png,13.42410622443328,-41.47620898283436,80.12600650676153,-17.29793685224308,30.77982667334557,0.2310809981522838,48.47606962686247,-1.280896777548226e-003,-5.648729801105846e-003,6.210128478384296e-002,0.4037816528801449,-3.441567251175662,0,0,0
img115.png,20.46343424751033,-38.63371318040503,80.12717704883271,-27.2281541868354,30.74369763096936,0.1711706761006005,48.48603267282674,1.068368515715984e-003,-4.564728089759941e-003,5.070424743479193e-002,1.14090736506331,-11.70650994893834,0,0,0
img116.png,27.02118266309504,-34.50648489074793,80.06318485353658,-37.35913132941495,30.71215285372175,0.1867405554011555,48.45281313232126,1.723162823098139e-003,-3.256160079258453e-003,6.68642091994799e-002,0.3964385773804984,-2.297143237385487,0,0,0
img117.png,32.62823622387267,-29.46168922409965,80.04093935355318,-47.24287641425041,30.65016467411731,0.1776355016994305,48.44148528680755,2.536473107511066e-003,-1.074800577182474e-003,0.1249702152615946,-2.330181693151159,39.5870361861737,0,0,0
img118.png,37.28165742930845,-23.52505097586191,80.00589541578859,-57.09385104228595,30.5991679878858,0.1753258977784903,48.42038651680555,3.424880837588709e-003,9.415312886831448e-004,0.1699102647824552,-3.161144343042543,20.22541334228761,0,0,0
img119.png,40.92229334749482,-16.62719945632993,79.90423977173522,-67.31974783932016,30.57558731801161,0.1753451254814591,48.38327717091644,3.844827985837196e-003,2.564271386722167e-003,0.1529314721550324,-2.325772304104545,11.32923663750897,0,0,0
img120.png,43.27283945780798,-9.416129347518641,79.86173358420267,-77.22370319647513,30.58786144812878,0.1803410714811705,48.388196249095,4.397899826294653e-003,3.460821327961611e-003,0.1278187813624141,-1.374408648946384,5.765701113667449,0,0,0
img121.png,44.20868508213855,-1.558358533524604,79.57422427946312,-87.62551672759133,30.45984562581122,0.152882365326281,48.23502450651826,4.980641190116464e-003,7.563257427375263e-003,0.1208192810300905,-0.875960821129671,2.432048625612133,0,0,0
img122.png,44.01381149646744,5.870114235145453,79.72481763822606,-97.37745829170917,30.48583559751094,0.1368123399899014,48.34808041528647,5.354996664235489e-003,7.895133958371785e-003,0.1270766366392104,-1.300350936144867,6.791586924778261,0,0,0
img123.png,42.35838989136062,13.53764887058083,79.70032750506161,-107.7107577793234,30.44984302792701,0.1479662505979612,48.36960798207819,4.389219132111684e-003,9.865711115115711e-003,8.662100037737235e-002,0.5753535200723372,-5.603421017982737,0,0,0
img124.png,39.75733697609482,20.58828514439492,80.17271365530905,-117.5445250491439,30.62558220960012,0.1688606986317892,48.69446023604691,3.227805713699996e-003,6.377127489801548e-003,3.924254761346743e-002,2.046926340847285,-20.56778687772038,0,0,0
img125.png,35.56004315971448,27.25983409269606,80.25827393327059,-127.8447822971702,30.66218849501904,0.1625205807391786,48.75328260812557,2.530832081984124e-003,5.866593105151918e-003,4.041519328360916e-002,1.747435899141825,-13.56957818321793,0,0,0
img126.png,30.47788310943059,32.92159807745951,80.38317736324728,-137.7505574187715,30.72151634354498,0.1775993504656562,48.84227264160833,1.493040241053111e-003,5.088399502460974e-003,4.789132953591243e-002,1.028008139609155,-7.965092295184918,0,0,0
img127.png,24.45001674637133,37.50646718446711,80.29537088114338,-147.6335001464624,30.64582024166164,0.1530603183763198,48.79473932865412,9.931842599044465e-004,7.281159489388874e-003,5.437870884687931e-002,0.818207927171254,-4.883666978438859,0,0,0
img128.png,17.51826186049948,41.260989608041,80.50560410946383,-157.8884474123099,30.70737123663263,0.16375291649596,48.92920410289508,-2.114063065148907e-004,6.016590233309927e-003,5.067599423391032e-002,0.8584351661677002,-4.278778737344025,0,0,0
img129.png,10.29641500482877,43.68118191930475,80.66662611441244,-167.7828598806257,30.79980284314991,0.1617207541563503,49.04953179270461,-1.23060198900107e-003,4.460923403001585e-003,4.066769889303441e-002,0.7406982469389584,1.138541093845892,0,0,0
img130.png,2.434939583099545,44.56819039589097,80.39900223307608,-178.0150449046382,30.68647554029411,0.189680213437191,48.87822446598518,-2.498359877917328e-003,7.428057067739591e-003,7.230083899912695e-002,3.052574549158141e-002,1.991992292996362,0,0,0
img131.png,-5.099947755733558,44.12274361017317,80.18139962080897,172.1493789215148,30.60511900378337,0.164585469246069,48.7516165392018,-3.047952836972346e-003,9.49680998183787e-003,5.142868103884134e-002,1.653319574660614,-28.40959796261321,0,0,0
img132.png,-12.73353482919427,42.48489455993088,80.27494258319969,161.9792594977103,30.69404907092721,0.1895399354976847,48.80818123355972,-4.638391780340614e-003,7.272489758821123e-003,5.106706472255228e-002,0.7645790123049317,-7.545077402064745,0,0,0
img133.png,-19.65274720481882,39.49054338409559,80.07102335737927,152.1384292555891,30.60740748148885,0.1760862545925734,48.67585221041364,-5.360297355126937e-003,9.042325305305184e-003,5.743759083555373e-002,0.4898813011027766,-1.95267246219291,0,0,0
img134.png,-26.21524557917102,35.26018729086967,80.03637672212781,141.9557846726589,30.56798612952927,0.1775630140967114,48.63970334459727,-6.204959913747533e-003,9.336283401708886e-003,5.517633725212923e-002,0.6774293031266626,-4.229303352450946,0,0,0
img135.png,-31.79363970638094,30.25303551469402,80.20139824580978,132.1845097167823,30.56983316462355,0.1960515183454587,48.72819845355277,-7.28966505432876e-003,8.537652796510956e-003,5.014435082443951e-002,1.047362368262942,-8.232612290114028,0,0,0
img136.png,-36.35611935168602,24.31441160147854,80.20517500677396,122.4310112672243,30.56165145408554,0.2263262169663744,48.71424619551123,-8.432660152224139e-003,7.808647615559433e-003,3.528086458882487e-002,1.631921719722594,-13.35342353746802,0,0,0
img137.png,-39.98235527971787,17.40732313360915,80.23805434108479,112.2485053469766,30.56194060756789,0.2459498271022006,48.7143119480886,-9.497511499540852e-003,6.736299711727323e-003,3.77331773059208e-002,1.260419595932306,-7.507861742916166,0,0,0
img138.png,-42.25320203367098,10.26629832024408,80.25393941849232,102.4878081178388,30.57077101226895,0.2769798122414893,48.69525273224775,-1.041605109868972e-002,5.499045847092461e-003,5.115109304384051e-002,0.7506508424830898,-3.260009998963572,0,0,0
img139.png,-43.27032118211404,2.580942127465808,80.19781582455668,92.35147272763527,30.58048494379237,0.309507827828143,48.63876550862118,-1.146271204738411e-002,4.392064889468804e-003,4.553181804208173e-002,1.0067443860532,-6.713510158824092,0,0,0
img140.png,-42.95455517023708,-4.909319474750228,80.13361253599423,82.56878206451927,30.62165109199249,0.3552125429052443,48.57594038817156,-1.24134561053956e-002,2.684453662094125e-003,3.666844871642289e-002,1.483654234474615,-12.06621339914661,0,0,0
img141.png,-41.31285291845951,-12.53293272394756,80.09936400323508,72.38262249455515,30.64549098554089,0.3618556541049229,48.53128827672186,-1.232127466589213e-002,1.471023377819939e-003,5.842456963772089e-002,0.6042470175432018,-1.857642618982668,0,0,0
img142.png,-38.42962339071406,-19.44026877079912,79.97113678996281,62.59600484220238,30.72697217324667,0.3990390628366039,48.43302528463287,-1.27511697234242e-002,-1.111190992406448e-003,4.935780496765801e-002,0.7147457874471146,-2.832610096222937,0,0,0
img143.png,-34.29855388727042,-25.97225926791346,79.89545604853549,52.46768247644974,30.80925611085633,0.4113321374050895,48.37767830727377,-1.256945726273439e-002,-3.62149494713042e-003,2.387751535297858e-002,1.782331670055264,-18.75883703306254,0,0,0
img144.png,-8.638775380612492,-11.11546203484451,89.94445403543163,42.01189316689087,9.455661388836052,0.6092596537018542,45.08294451095787,-1.979729268427764e-003,-7.355423692690906e-003,3.907644362456492e-002,-1.174963435232159,7.784463357475689,0,0,0
img145.png,-6.529808695104463,-12.52181612062757,89.96445313835035,32.16695260239249,9.46979934107725,0.578601112772132,45.09600996572691,-6.847180858457925e-004,-8.217817429029634e-003,1.97344708735144e-002,-0.4500285528082293,3.781074809964222,0,0,0
img146.png,-4.13204709642531,-13.58572950129281,89.97842390298176,21.99652739968173,9.502156216586444,0.528436794277664,45.10463002177713,1.179155624092636e-003,-9.245943746937239e-003,1.998200426593153e-002,-0.4306310964588516,3.294150732310265,0,0,0
img147.png,-1.663069998892883,-14.17455019343779,89.96992425382167,12.14191294427883,9.531137627154614,0.4938423429224452,45.09012509312361,2.627807779329875e-003,-1.032145925204992e-002,4.202502783770105e-002,-1.031506427278086,6.194063774029621,0,0,0
img148.png,0.9754559814107596,-14.33906029083331,89.97818462394446,1.893122537994487,9.506911111298079,0.4620695589777591,45.09453917490927,4.233790418644722e-003,-1.002703745768915e-002,3.81092859236842e-002,-0.7395291799246353,3.543625411772209,0,0,0
img149.png,3.485528466712374,-14.03035332768657,89.92347504649399,-7.941809490597903,9.499525984317364,0.4280745285315836,45.05515362401648,5.796005344399462e-003,-1.005819700166598e-002,8.772187091622033e-002,-3.081930873805331,33.49799060585162,0,0,0
img150.png,5.997828129631491,-13.29309301064258,89.91902385133149,-18.10027063468134,9.48645969892827,0.3965759124828526,45.0563220240517,7.393016495098683e-003,-9.648771677159612e-003,9.778266755381722e-002,-3.638296720388116,41.56077952692937,0,0,0
img151.png,8.282841781403928,-12.15646997787463,89.93712178102686,-28.04347278229382,9.458229353907075,0.3844952185673581,45.07058528642677,8.378542430095746e-003,-8.792493630147592e-003,7.424991840552905e-002,-1.98158072484444,14.32022164440912,0,0,0
img152.png,10.38297990009587,-10.61693191015155,89.92634074432928,-38.19346318415638,9.437303427862906,0.3805520674349491,45.07175366421433,9.160793525745378e-003,-7.777052508860123e-003,8.129343961861672e-002,-2.048411622003823,12.38072020650871,0,0,0
img153.png,12.14109727360839,-8.792663257649489,89.99244030339212,-48.08585926440095,9.440502961852985,0.3819746395707577,45.11937622152372,9.574547855674635e-003,-7.263958914919749e-003,6.258859907790676e-002,-1.031300809048296,2.370999810862632,0,0,0
img154.png,13.56854680194616,-6.681975102741032,89.9580497013517,-57.94845171444146,9.451017354683273,0.374174237062664,45.11144717647705,1.035634414162222e-002,-6.609617237170831e-003,5.622044854124988e-002,-1.130823743470812,4.98266169947061,0,0,0
img155.png,14.6387055442548,-4.283508176075726,89.98515823646366,-68.17872776907866,9.462336999279554,0.3481219556934137,45.12706900144925,1.122427331645854e-002,-5.930690815533377e-003,5.37259067533757e-002,-0.6634545211910019,-2.708610879574783e-002,0,0,0
img156.png,15.25457364314245,-1.792046905131715,90.00817858754709,-78.09439638856347,9.489758630797768,0.3263085722800143,45.14547706108532,1.206636364155966e-002,-5.694569941138154e-003,5.017127128493978e-002,-0.6672131795208842,0.1353681612533555,0,0,0
img157.png,15.41847678953265,0.8877181178546795,89.97787444525244,-88.49381758134548,9.471489178093526,0.3153719846080357,45.12835744633526,1.240525413659407e-002,-4.381193621919988e-003,4.240859083134033e-002,-0.4336802131303435,-1.188792450822211,0,0,0
img158.png,15.12309758436914,3.398010171207022,89.977529609576,-98.24733388795404,9.457739576576225,0.2861148940315112,45.1247676969042,1.313047134044143e-002,-3.2777558430707e-003,3.979323091642617e-002,-0.5661184017653275,5.581706177084144,0,0,0
img159.png,14.33066746137433,5.931283869665524,89.86143714886252,-108.5761784797948,9.41346204044925,0.2456365799188117,45.05465892207354,1.369450972660346e-002,-1.653330612811503e-003,5.383789451266108e-002,-1.081886140296625,8.48152236579584,0,0,0
img160.png,13.17062286553021,8.19864894655387,89.83613352059675,-118.40441369355,9.356058846945794,0.2080994944363078,45.02972514829233,1.436819957847992e-002,2.260184872273531e-004,6.781604839260057e-002,-1.559640093662864,11.28992661679026,0,0,0
img161.png,11.58154113746894,10.30234528325436,89.84374545656104,-128.6928199036424,9.300882701551972,0.2015191474874847,45.03153400867868,1.389070385896217e-002,1.992890501257799e-003,7.269785212050879e-002,-1.641404068740967,11.87202358756312,0,0,0
img162.png,9.710893227058731,12.03005249087409,89.81446390604846,-138.5872382147462,9.2563859111578,0.204950909235878,45.0171705712951,1.330035001684657e-002,3.473161116048479e-003,7.991382709672928e-002,-1.944179707158304,11.82751342908485,0,0,0
img163.png,7.583358273071291,13.39899079299849,89.72120062858761,-148.4522454974374,9.210013256695131,0.238627102641004,44.97651188241753,1.182681582639765e-002,4.876469866812095e-003,6.443750197779718e-002,-1.384564804428177,6.836910883758311,0,0,0
img164.png,5.167548530784097,14.43709370206142,89.71561315739807,-158.6926393119648,9.190948977583258,0.2550762884822653,44.97325791965483,1.070739236016021e-002,5.736381146015952e-003,7.240945813235852e-002,-1.729448943652127,9.202786508892746,0,0,0
img165.png,2.710127404623073,15.01529973907671,89.73384900361175,-168.5690621555626,9.186306714117151,0.2629022003468015,44.99484123243534,9.651425950863914e-003,6.102315608707496e-003,6.630110431858828e-002,-1.591096149033876,8.627623103139948,0,0,0
img166.png,8.328588314455482e-002,15.18485600823837,89.79969175072638,-178.7885148745062,9.196475070436559,0.2687656146649927,45.04069196491758,8.754403952033463e-003,6.227915979844352e-003,6.270482146604878e-002,-1.454854840636867,7.936965383842592,0,0,0
img167.png,-2.429173657515428,14.91578456497636,89.8689130167102,171.3931903530912,9.184486346783318,0.2891466129531949,45.09282693078207,7.436431289870292e-003,6.758416221549061e-003,5.387777872328691e-002,-1.074361748090873,6.055544398188621,0,0,0
img168.png,-4.943346284205367,14.16429896620244,89.88537316921708,161.2378611143109,9.178959599344189,0.3035735624901997,45.10472890256993,6.374271983688705e-003,6.869378312765583e-003,5.075325060474685e-002,-1.007482395953858,5.825948628516327,0,0,0
img169.png,-7.196006750706807,13.03858197440313,89.91347082107652,151.4139678182481,9.151390087263453,0.3505338548650455,45.12129050249703,4.352282756338341e-003,7.295397179760533e-003,5.104046107163308e-002,-1.118871307253177,6.597385239654691,0,0,0
img170.png,-9.313054355822011,11.46252679480931,89.9597661988509,141.2420369579793,9.15868596432251,0.3694800678868063,45.15104927311901,3.315621294976489e-003,6.72930195424077e-003,4.098361256099033e-002,-0.794601258639037,4.600794805600569,0,0,0
img171.png,-11.03021217787404,9.629392122228074,89.98597253569514,131.4829092664665,9.146602152320563,0.4412306812116655,45.16173357154562,9.436420020174099e-004,6.383733643196022e-003,2.606224988517835e-002,-0.3853725171577583,1.266477414863686,0,0,0
img172.png,-12.39020723490835,7.509823953585942,89.95778806433584,121.7371690565439,9.14256531836492,0.5041494607256749,45.14044720426751,-9.007587945396757e-004,5.492792013947828e-003,2.977873597888579e-002,-0.5089517361402728,2.351051931662073,0,0,0
img173.png,-13.41380519904383,5.097463834437842,89.95654189166179,111.565920795925,9.183232266133253,0.5692077112691653,45.13867033454261,-2.814693028107257e-003,3.562037941607407e-003,1.761377192978341e-002,-0.2579232972784179,1.281928940718312,0,0,0
img174.png,-13.98921545451543,2.637272907047262,90.00323109701343,101.8082975291077,9.194583166438285,0.6002895299397732,45.15560162801389,-3.591483861105459e-003,2.29866006545223e-003,1.888186011539379e-002,-0.274516190987703,1.421435881293365,0,0,0
img175.png,-14.14643149642638,4.246314391880979e-002,90.0444177271368,91.67530684684067,9.216673250177358,0.6082509168411617,45.17140653426615,-3.945780278758515e-003,8.908955219214456e-004,1.811565553951084e-002,-0.2977234259161939,2.250534322659905,0,0,0
img176.png,-13.86644338778766,-2.470319181848201,90.06839184619645,81.88974493824844,9.236850098776973,0.5981455967179788,45.17843935608376,-3.582314789427356e-003,-3.356797593739503e-004,1.089376923384897e-002,3.082731191881143e-003,0.4504393968244914,0,0,0
img177.png,-13.13207953485545,-4.994361689044808,90.04094981630584,71.70226925341136,9.309430779623872,0.6125743759439328,45.15051731713633,-3.653151212370608e-003,-2.606095407084159e-003,2.597444825395271e-002,-0.6121138438748785,4.36729277465821,0,0,0
img178.png,-12.01456233579064,-7.261588075498539,90.02794246933811,61.9056097187192,9.358724687529117,0.630635060164894,45.14612973684832,-3.637653528512946e-003,-4.257560859765878e-003,7.643962838137785e-003,-4.939073313232199e-002,0.98094392388558,0,0,0
img179.png,-10.47745067454804,-9.374585309990824,90.02531142765147,51.76641550947661,9.418968275269222,0.6230724676960989,45.14328660658113,-3.01434714215489e-003,-6.027950315274959e-003,1.023534412256965e-002,-0.2635950353708263,3.547276336207669,0,0,0
img180.png,-62.09168622831644,-67.34571591486791,18.46031548185676,32.58731569462758,84.00396645427676,-9.759328567415261,81.25927509736042,-2.050702588360694e-002,6.42310828741173e-003,0.1039674280741615,-7.823774965346606,144.7634116443026,0,0,0
img181.png,-49.61074213616573,-76.95523540505418,18.50270421459099,23.16905168506457,83.97544146070145,-9.395230673920128,81.17154457281805,-1.91882316799229e-002,6.530775828014151e-003,9.691252022291948e-002,-6.544679469732315,115.3340318566189,0,0,0
img182.png,-35.04318858135087,-84.44160849330761,18.46670285150954,13.32600256254554,83.90114310252024,-9.086461058558395,80.98296257832357,-1.631054867055762e-002,9.959845240738502e-003,7.850495143780449e-002,-5.219194101799254,89.84423074906707,0,0,0
img183.png,-20.1153090191941,-89.23683471027731,18.51779654101655,3.884483901901432,83.89987784895725,-8.794273370830965,80.93135583102836,-1.370549311300652e-002,8.87754974158579e-003,0.1248264764380344,-8.136282145151412,151.4962783185963,0,0,0
img184.png,-3.867030548083672,-91.35374595672756,18.51142389384791,-6.02548282154777,83.89832086436517,-8.543719472214855,80.80517166173212,-9.901804138713777e-003,8.918370861357858e-003,8.893304001595727e-002,-4.357120627048298,47.71664056271263,0,0,0
img185.png,11.76650972746477,-90.67496846965493,18.51943957088729,-15.36326153997641,83.85844839996786,-8.135492617418199,80.7109806521908,-7.57813844059202e-003,1.031207238338421e-002,0.139082220981326,-6.893628958628703,-27.64905888518985,0,0,0
img186.png,27.77326353753368,-87.37702183353828,18.51004156005136,-25.31362463143663,83.87617791134878,-7.835227289161926,80.8356631967587,-8.03879369189921e-003,1.033164038469951e-002,0.1052788560245947,-3.277883855282486,-119.6819981216043,0,0,0
img187.png,42.4388158931431,-81.4277488440643,18.49897644347809,-34.88079936345793,83.85472054240626,-7.57564474991211,80.84420235049816,-4.903150433109501e-003,1.172697621909494e-002,0.2383312340173477,-18.13436947661536,354.2821973572801,0,0,0
img188.png,55.94837128199462,-72.55525864704798,18.37107333097837,-45.01643351377748,84.03317681474478,-7.727647956089655,80.57611934227789,1.004892864719747e-003,7.075253309380516e-003,0.3529716144681539,-37.33070660004272,1031.673173922155,0,0,0
img189.png,70.24176261185239,-64.7023595412569,18.94937669781868,-58.13141344302637,85.46399320719577,-11.69302356905947,84.75688630789554,2.647183366349618e-002,-5.78435273744624e-002,-0.8356633628472036,37.70561602410848,-543.6596830044588,0,0,0
img190.png,79.31363512958004,-51.09045983503475,18.78321579547436,-63.44651627042684,82.70077554771952,-6.913301588317938,83.29800748141831,1.761943240674417e-002,5.706394586057952e-002,-0.2886433922433094,19.68519047233505,-188.8185076793104,0,0,0
img191.png,86.16784441159203,-35.82256756406311,18.54024779085293,-73.86321022365028,83.23568552247335,-7.068796572020657,82.11294748558349,1.769773250112365e-002,3.850892743851514e-002,-9.350812021895358e-002,1.07071632958443,134.3868501744441,0,0,0
img192.png,90.47517144924507,-20.2685902516937,18.37591322539568,-83.13065672458367,82.68454776879543,-6.291133565665192,81.51867150933347,1.576295234643787e-002,6.271769779198799e-002,-0.1306432344087729,10.24601062418537,-164.382594658673,0,0,0
img193.png,92.79214438035419,-3.706015660917406,18.32624613661655,-93.6434828777839,83.01471417145825,-6.324803960090118,81.63506108286656,1.283753101489229e-002,5.129333552431525e-002,-0.2845091892767412,21.00305122575293,-407.1901549324479,0,0,0
img194.png,92.31930967011029,11.90617812316543,18.28822434944622,-103.42048028924,83.22717932742576,-6.301915843493133,81.81683450074857,8.944368694491465e-003,4.439923637348685e-002,-0.3357814889611608,23.07381898681346,-432.5402798672024,0,0,0
img195.png,88.6199202363907,28.21608987408195,18.21079227824691,-113.9100934658277,83.33540503537994,-6.47901970895684,81.75753813767946,1.174501397106105e-002,4.18135153893235e-002,-0.4486214540273779,30.71071439996156,-575.8267351431326,0,0,0
img196.png,82.1637000893564,42.71193625234475,18.06603572803555,-123.8076505641053,83.19321759188065,-6.602557067879643,81.36446587141143,1.545694980933411e-002,4.984345081819857e-002,-0.3521451729116566,24.26024310858101,-484.1861221322799,0,0,0
img197.png,72.95016284863746,56.45706284049184,17.96053164062395,-134.3902378576664,83.24570750814911,-6.878197845118585,81.08423762377592,1.662183655205851e-002,4.935645210770816e-002,-0.4038965722355503,28.52890367644185,-576.3597996937092,0,0,0
img198.png,61.99713945455285,67.70106062184973,17.81721758224277,-144.4857727362616,83.31243302942814,-7.073113376221958,80.66783761707794,1.415471093770836e-002,4.904122474472535e-002,-0.2711576538992251,17.30703692161384,-301.2693661246965,0,0,0
img199.png,50.08943449881593,77.94181538182785,17.95122349302213,-154.8892569016499,83.53565669671161,-7.602901115560718,81.49298554920514,1.148218636563507e-002,3.92016192290153e-002,-0.1239378558701861,8.795735841850071,-183.5103010760004,0,0,0
img200.png,35.70703318056029,86.10319719103238,18.02467988102014,-165.6210701159858,83.6457684648755,-8.058714677943641,82.00520453870389,1.038754918744126e-002,3.445870725224336e-002,3.490620405849201e-002,-2.919794070638694,64.24280848030983,0,0,0
img201.png,20.44896961460869,90.79458844966884,18.00294714842289,-175.8086233725641,83.66662238442058,-8.33591509969979,81.9816516770649,8.64981428484502e-003,3.382266971705725e-002,-1.337581576936417e-002,1.073982135217391,-15.81245966021079,0,0,0
img202.png,4.002413669629513,92.61363405329827,17.91984220404252,173.5339848441325,83.69968063810234,-8.685684183308734,81.78417593215724,6.04840589505779e-003,3.357387964083208e-002,-0.1308398873379872,8.646143155638143,-165.2944220648453,0,0,0
img203.png,-11.80387424726773,91.67922045194483,17.89279727537293,163.1265305396508,83.80160358521228,-9.349827477089335,81.71255388800117,9.282364135686193e-003,2.939330649451714e-002,-0.2866987364488259,17.99226036468598,-323.0408571692058,0,0,0
img204.png,-27.70661431223131,88.20096043705453,17.90845572617853,152.3959528563993,83.9385980695648,-9.969318231943216,81.81607419744745,9.073130862252254e-003,2.353170003211863e-002,-0.2936856652921797,16.03902713220615,-235.3660014768636,0,0,0
img205.png,-42.36048112253655,82.20936539335561,17.96517376092074,142.6299801591367,83.71923364572751,-9.827215135009924,81.96679046841443,5.115657445172517e-003,3.110592038726664e-002,-0.2136235973898351,10.97562528391078,-146.3878475492576,0,0,0
img206.png,-56.17605282994207,73.3668389822342,18.02116564246353,132.8308582236533,83.32830891407735,-9.25280823042814,82.04101735543118,-3.823088430691372e-003,4.537207863293208e-002,6.084565471954388e-002,-8.852110125783957,290.731264305695,0,0,0
img207.png,-67.82516158278274,62.71614026171114,18.05016211636536,122.8213479616253,83.38089698637125,-9.301947435134229,82.06941521479759,-1.151037335220768e-002,4.265380207576681e-002,0.1723253032605622,-12.2617306251277,283.1782871311026,0,0,0
img208.png,-77.20079550390108,50.06208981694854,18.03510198896195,112.0649876605667,83.87956254751168,-10.36111885590494,81.47287156619034,-8.931651963644299e-003,2.204048876941813e-002,0.1214826312822763,-5.73310552357696,76.72783356921565,0,0,0
img209.png,-84.88186288865438,35.61106872819491,18.1362597542695,101.4081185594083,84.03131805940986,-10.79833750569641,81.60280192607495,-1.173992711107089e-002,1.361482608005791e-002,0.1267535247754867,-9.561666059423407,249.4033727995971,0,0,0
img210.png,-89.77734322403822,20.66743847370788,18.21755543221852,91.40196517126968,84.09343291226187,-11.02411501886082,81.72991258175792,-1.335702970913384e-002,9.368275648054617e-003,0.1355943026868001,-11.36622609702232,275.9736296099559,0,0,0
img211.png,-91.84160299669523,4.452839939251374,18.28606402954857,81.29947021406775,84.05131525322508,-10.89538309627483,81.64268315635714,-1.754061937718005e-002,9.079368586478877e-003,8.105653212483585e-002,-6.268390010096033,137.1609958506943,0,0,0
img212.png,-91.13822228544039,-11.28575791898192,18.34132803086578,71.61527576706442,84.03059616877442,-10.74830253484224,81.55104397226401,-2.003673276534528e-002,8.387001342357045e-003,0.1144634002074557,-9.64621383250728,226.6720926672422,0,0,0
img213.png,-87.62303373429901,-27.37649202895897,18.40711441827447,61.56499219965357,83.99948727048388,-10.59713678202428,81.52399231850558,-1.926207489317363e-002,8.061487102718553e-003,0.1009706854239926,-8.473503001676958,190.2951724953682,0,0,0
img214.png,-81.37346820944435,-41.93585362727232,18.41517303719937,52.03807357893922,83.94272424818047,-10.25387366896751,81.29518688698263,-2.009294821018334e-002,9.609378113199472e-003,3.913958690648108e-002,-3.137871234343943,62.55530518662568,0,0,0
img215.png,-72.70444214564186,-55.64009872397803,18.46669995768462,42.04546373324978,83.99886631804543,-10.15516034119879,81.27042676424296,-1.985450676161559e-002,6.184089090543851e-003,5.110240804756455e-002,-3.922359809615021,78.71253603972258,0,0,0
img216.png,-53.95704957745922,-58.64404120454245,47.60599395821761,41.79102978000841,63.87411951163929,-0.5225724777378246,78.30611530609643,-1.876963108113388e-002,2.86242127331047e-003,0.3766145558842751,-6.062955103860479,123.4442397683622,0,0,0
img217.png,-43.05484425370096,-66.96434122832014,47.60674752321037,32.04845709247483,63.85713735876091,-0.4533288017654468,78.18954063419848,-1.873413966313531e-002,1.979465061617479e-003,0.3664790413810316,-4.893919976828655,97.02893560407288,0,0,0
img218.png,-30.34782213944425,-73.48420449442543,47.53098461000039,21.87636491766823,63.85578526309406,-0.4237670078228266,77.99923696602158,-1.71836657389439e-002,1.557299968988278e-003,0.3733827030104417,-5.035077453191727,97.97711710731173,0,0,0
img219.png,-17.3219543691433,-77.59437523690694,47.52511140435715,12.15381846878523,63.85070129629197,-0.3687065620771905,77.92277321619898,-1.607120147048204e-002,9.110371089589722e-004,0.3717614328377274,-4.977123998780137,101.2971889863535,0,0,0
img220.png,-3.172221156379589,-79.45984529251444,47.49089184464404,1.976186381168328,63.85455779290815,-0.3174599794234558,77.84300081591921,-1.46863149164346e-002,5.618774841813526e-004,0.3730676994752249,-5.675451850942476,131.1365202969987,0,0,0
img221.png,10.45918634233891,-78.8647920034098,47.47331058483505,-7.744483864981768,63.83896137473991,-0.2687428445938105,77.79177438739916,-1.281418354818942e-002,8.407665297691055e-004,0.332438026611489,-1.64644903735253,27.52333467481748,0,0,0
img222.png,24.35090972052379,-75.82342705897743,47.42817838298375,-17.90657121303148,63.84740075507784,-0.2171984789780095,77.75001802337951,-1.173568318969186e-002,1.12965558460383e-003,0.3408383399229744,-2.572307575267151,45.15523953368625,0,0,0
img223.png,37.08332665595307,-70.59117059533193,47.41608491886236,-27.73971454589907,63.84955799359078,-0.1683656111113414,77.75038660891086,-1.038514207307485e-002,1.29981930637477e-003,0.3350421352343469,-2.588867558750811,49.21235838751309,0,0,0
img224.png,48.95953836950987,-63.0435474944808,47.35040872145728,-37.81788343588233,63.88238472665519,-0.1328230194723157,77.71975521822819,-9.260418790957415e-003,1.193916035975236e-003,0.3182920067311528,-1.438087209530717,9.370063094123324,0,0,0
img225.png,59.07668466394208,-53.62996640920198,47.24016284103179,-47.74863030477442,63.84425529769322,-0.1954663369212631,77.56802559703141,-5.359560985131139e-003,3.658158750954415e-003,0.3976509716236945,-6.879133256438892,118.0697651894603,0,0,0
img226.png,67.30871053457105,-42.82109835152969,47.17079731153256,-57.55193806784413,63.32525547543348,-0.2829626149897204,77.42210158439823,-1.39996335798053e-003,2.371260264119556e-002,0.6091434615814282,-15.50384067693942,266.2666209576427,0,0,0
img227.png,74.07386774085732,-30.42674089434509,47.26624647579445,-67.71999067203311,63.28888003677839,-0.3158042165607804,77.65037774772179,9.009204809594384e-004,2.562519299110535e-002,0.5518095866292304,-10.09048809251913,132.4331776931683,0,0,0
img228.png,78.35368751732983,-17.25223180610691,47.23843718712497,-77.65671365949382,63.2986990998882,-0.2788691889283779,77.72760203731018,1.037511270624484e-003,2.693020319202917e-002,0.518739525367071,-8.039904540810612,93.63454294843061,0,0,0
img229.png,80.38929396730215,-2.908038227331034,47.27450483740095,-88.03851872978186,63.35276719279894,-0.2435737267969669,77.88941249566145,1.03814281763561e-003,2.608438579816052e-002,0.4803866703769893,-5.636019756668116,47.06565369340483,0,0,0
img230.png,79.91695748660528,10.58951042220183,47.28184034714749,-97.7243695657441,63.4635301959275,-0.2187924077729011,78.01389773898941,3.998296346492675e-004,2.346140958742815e-002,0.48315912297549,-7.913756457753421,136.0532806150216,0,0,0
img231.png,76.62564046879355,24.64665925629633,47.1587996633811,-108.0780139256609,63.4677286121009,-0.2160310273815914,77.89064000117529,5.971662779929855e-004,2.474693610770957e-002,0.4136709613935789,-2.957925205082234,33.88800979107808,0,0,0
img232.png,71.30154549993466,37.28696949764132,47.07708142567513,-117.9503915309312,63.53515582248469,-0.2167423848123899,77.86594732792419,-2.02228496938832e-004,2.38888370895944e-002,0.3784492630610938,-1.609268364737322,13.53192195977988,0,0,0
img233.png,63.55107263661574,49.36853221808227,47.07647983471539,-128.3069646807162,63.50309856627881,-0.24343594170213,77.88403436711512,-8.196936733517252e-004,2.572944637986308e-002,0.4548594410974768,-6.16559519798091,107.6640629825117,0,0,0
img234.png,54.33595800672412,59.50352498779162,47.10734707350787,-138.1943035176141,63.51311603808578,-0.2727068641839575,78.00742736827931,-1.947863788548314e-003,2.646068382141839e-002,0.4914179748655299,-7.080284504263969,101.1076783229773,0,0,0
img235.png,43.47657829087038,67.88700867174698,47.12467909732487,-148.0971043441411,63.54151954931204,-0.3199362537448544,78.12858302271351,-3.03875268337959e-003,2.609911878413475e-002,0.4378630687198247,-4.158257754115788,48.5179541885523,0,0,0
img236.png,30.7695888326266,74.50262601633894,47.1068356698696,-158.4300953596442,63.58725886639797,-0.3667212630697487,78.18671347851129,-4.260740131785256e-003,2.551667383907325e-002,0.4271005246221674,-3.817203413860246,43.99826354246423,0,0,0
img237.png,17.56519632653292,78.34742141263499,46.96339872628826,-168.3617707256628,63.45930436515582,-0.4384026989151318,77.97793087821026,-4.54444152150796e-003,3.110815537602923e-002,0.4255363914954458,-2.895330120776313,18.7868361960718,0,0,0
img238.png,3.423219747285875,80.12933900833323,46.92375285221872,-178.6817234845897,63.45463309180901,-0.5110074525588647,77.99030197491658,-5.397679363149412e-003,3.224508080532351e-002,0.3995417180332195,-1.814287270576646,5.239327447512251,0,0,0
img239.png,-10.25463573342164,79.64014731543925,47.00165166296186,171.4156021206072,63.63531329129756,-0.5712328982297539,78.19333590654855,-6.902603040179331e-003,2.58003831728644e-002,0.3394509740472617,-0.4002583958983294,-1.240734745874746,0,0,0
img240.png,-24.04089048841912,76.59580229864979,47.04025204315528,161.2085417290988,63.72104498776265,-0.6365211768547393,78.26561173523947,-8.498472291954117e-003,2.264803472812839e-002,0.3712308810436628,-3.865540007603081,71.02733867117435,0,0,0
img241.png,-36.73804416945342,71.36556549135589,47.11419855359653,151.318225880674,63.76164431575228,-0.6749879481512651,78.35268676654488,-1.022383786740061e-002,2.046329768276059e-002,0.3888714634210728,-5.295797525214131,100.5531248283536,0,0,0
img242.png,-48.74932838750075,63.70200937010979,47.19482198899267,141.1063666958943,63.71830050778193,-0.6656838637162998,78.42769535008482,-1.255643747883466e-002,2.086196024344772e-002,0.3954355679612901,-6.096888027822052,121.1854476993501,0,0,0
img243.png,-58.90811089445816,54.51329757251737,47.31247810385474,131.2831871651776,63.89409305559351,-0.6896803154339299,78.56894299200214,-1.404817781898282e-002,1.303776847064855e-002,0.3520128081217633,-4.164243354246057,87.81208765287869,0,0,0
img244.png,-67.27807524515063,43.65618842120947,47.37209876994587,121.4598305182487,63.97080391327516,-0.7425836514422985,78.59120015160241,-1.441999895209968e-002,9.040255184830311e-003,0.3898178706276819,-6.73920169422741,135.8837185390362,0,0,0
img245.png,-73.86882805273187,31.02641530806347,47.45034071880477,111.2673229307778,63.96677226495564,-0.7662313953389499,78.59843729268157,-1.562202244404281e-002,7.41643866953002e-003,0.4207982108898816,-8.038325538821889,150.7892781099566,0,0,0
img246.png,-77.94212645410963,17.96090590945213,47.48959803829067,101.4935981643275,63.95335523114267,-0.7750465118089037,78.55904008574133,-1.639165752884022e-002,6.220246810109162e-003,0.3703360989201928,-4.749361147540281,86.20541903739972,0,0,0
img247.png,-79.82718530543005,3.874759251238369,47.56137768440328,91.3552421172877,63.93760936326952,-0.7615865264852315,78.58374468082947,-1.736748749232191e-002,5.032042316439799e-003,0.3168397567365818,-1.913543188670011,45.30813683987851,0,0,0
img248.png,-79.2047371377395,-9.824356039734086,47.57771334417743,81.59771115694372,63.92127299882517,-0.7164223567895124,78.51403370924459,-1.859634505408134e-002,4.319627131778522e-003,0.320730439502078,-2.50135309505191,62.97689795169273,0,0,0
img249.png,-76.10049303331108,-23.81503381185624,47.61121287247306,71.40199398141817,63.89602473920042,-0.6931132898621101,78.46944089988759,-1.844401667110038e-002,3.753978523026449e-003,0.3262867342689658,-3.44322758178205,91.00446449068858,0,0,0
img250.png,-70.82424391547791,-36.56741071721521,47.62380647709379,61.60504866975903,63.87358171043551,-0.6483861753202986,78.43915529386932,-1.809252317312082e-002,3.771162034154655e-003,0.2964168939490565,-0.977241296040987,34.50609533150033,0,0,0
img251.png,-63.23001808006386,-48.50780747077102,47.6411187201921,51.5513001749211,63.88110139516257,-0.5977461321471442,78.39376825399255,-1.801604483696548e-002,2.505642207496455e-003,0.3167926941715705,-2.108128840864894,53.55992870055513,0,0,0
img252.png,-38.68456961254571,-42.03716715729598,71.37868282192566,42.11293660361752,42.97135625478803,6.169408480014844e-002,60.02456934997501,-1.244294404291653e-002,2.19516626294094e-003,0.1113866364053772,-4.67357051916647,61.80942593469352,0,0,0
img253.png,-30.80980177068236,-48.04857037004822,71.3174075060281,32.32610502953434,42.97787695741223,5.381650724215047e-002,59.93561929268945,-1.050173107658005e-002,1.209227451298198e-003,0.1071390544767577,-4.094025838400699,51.36965322279395,0,0,0
img254.png,-21.7038450431731,-52.83802271208188,71.30003839542243,22.11924335866042,43.02514159560167,3.257452607085332e-002,59.91587996481065,-8.661013668946361e-003,-6.171164842027464e-004,7.351658082303172e-002,-1.919096927160013,14.17097718418006,0,0,0
img255.png,-12.29890180531138,-55.79828940931047,71.26665444723862,12.3510312426016,43.02169270365356,1.499196068333857e-002,59.86599509729094,-6.597322235220428e-003,-1.157812363322129e-003,7.429481339183622e-002,-1.946849631286157,14.12569425235492,0,0,0
img256.png,-2.111280977131937,-57.162267073367,71.23060327215404,2.133262519081773,43.07484219601716,3.094680584706089e-003,59.83784078260854,-4.951641773768879e-003,-2.851556976806335e-003,5.444738846030105e-002,-1.213882503896196,7.511843106087383,0,0,0
img257.png,7.720181599164691,-56.74876733994373,71.23800073217427,-7.630869377152847,43.07324864697337,0,59.82967378922215,-3.235821275631018e-003,-3.314534519457035e-003,7.05863198752207e-002,-1.599092661944195,9.483494478947165,0,0,0
img258.png,17.75897140286234,-54.61786849396818,71.25693920844613,-17.82940178800677,43.06381018548723,2.585876057964751e-003,59.87255052270508,-1.958754333754243e-003,-2.690754329430564e-003,6.687490362593207e-002,-1.363433839489334,7.145189935429187,0,0,0
img259.png,26.95296958118295,-50.83591966266597,71.23952125363998,-27.70409257062433,43.06181471292604,1.306419563902316e-002,59.88198952096406,-9.015427084053966e-004,-2.318448637483886e-003,6.76262409840679e-002,-1.585067101583127,8.997127936014145,0,0,0
img260.png,35.52989624185825,-45.38935644926077,71.16904252998512,-37.81320646958235,42.96603356853192,-3.187948313523073e-002,59.85398257423719,1.51676770469646e-003,1.317703581094356e-003,9.313470879738746e-002,-2.042317997336452,11.08763753905293,0,0,0
img261.png,42.92771179318033,-38.66232099174317,71.17132330568458,-47.75254339094677,42.91678832684086,-5.659035875286255e-002,59.88555935018834,3.35131983735813e-003,3.228838111291175e-003,0.1019183753849978,-2.019424960918819,8.439454012906035,0,0,0
img262.png,48.99682970376188,-30.9213396817683,71.16295482498727,-57.55677787099315,42.85036291449333,-7.508072477410184e-002,59.88517530901282,4.304298874100136e-003,6.440222401318902e-003,0.1028348923065307,-1.809247831734445,2.19348252528433,0,0,0
img263.png,53.725947116868,-21.86561429478356,71.11517965294151,-67.73945256542542,42.74387358412822,-0.1401028078020864,59.82327594326409,6.550864947800374e-003,1.018774442557577e-002,0.1337466323457664,-3.371798140859662,23.1830639281971,0,0,0
img264.png,56.73028084212276,-12.32479410312967,71.00159576302946,-77.70091526768798,42.69611411397516,-0.1531831316292379,59.76531657270835,7.358605017405252e-003,1.298466788602571e-002,0.1394521087747572,-3.695464701114348,26.72497061928071,0,0,0
img265.png,58.12912755348722,-1.963830618374977,71.10036103373939,-88.11287194002257,42.61601850454197,-0.1896993795160437,59.84378387151796,8.745882683087207e-003,1.513852804432254e-002,0.1245827651622931,-1.99560729434731,-9.529815598737365,0,0,0
img266.png,57.72138829518297,7.766270716020087,71.08364681211927,-97.80230680108755,42.64358064973537,-0.1786725211319445,59.87237447515852,8.668628614480461e-003,1.549667420405958e-002,9.404422942961294e-002,-1.099843594659632,-14.57977924735534,0,0,0
img267.png,55.53446132150405,17.94521504898095,71.15428553630987,-108.1571153590074,42.66480027922197,-0.1951148673324071,59.96217472760426,9.145783941681241e-003,1.579493983044153e-002,0.1086303560989614,-2.259959842896295,9.776005560835765,0,0,0
img268.png,51.70691084761675,27.08273069014021,71.11276937247071,-118.0193624779841,42.64802706722836,-0.2236516463262597,59.96072378976736,9.442327690351368e-003,1.724597819713933e-002,0.1080564471486119,-2.418978431679716,13.65438888954692,0,0,0
img269.png,46.02423736117571,35.74913079499313,71.02595810419749,-128.3540623311247,42.52490942869728,-0.2257917242441169,59.88057878882756,8.781392970198143e-003,2.128802852202267e-002,0.1507778586191708,-4.046597005231038,29.39951207950984,0,0,0
img270.png,39.18788177868019,42.87475290501764,70.79854538796046,-138.2133601909448,42.37593582610573,-0.2429735260043787,59.70848341982182,8.591731304759508e-003,2.666801259904606e-002,0.1767739753553647,-4.949514110813261,40.82135563186986,0,0,0
img271.png,31.30190723353843,48.76430766591412,70.67583476799211,-148.0802451451496,42.2711017461912,-0.2662146373521494,59.62539096295649,8.095187209669171e-003,3.030672944333318e-002,0.1730242458079151,-4.672238384297806,39.19629278562096,0,0,0
img272.png,22.26340591070024,53.63450576644249,70.82075121017381,-158.3742468225732,42.44937637046187,-0.2701865910696459,59.80835404379518,6.752357488706728e-003,2.62065103937257e-002,0.1001207676002002,-1.329797202917966,-7.311528160098094,0,0,0
img273.png,12.80711063311395,56.51411049551776,70.75748808465067,-168.2623690042667,42.36101692964233,-0.2628734806050192,59.76917095009409,5.346864742254362e-003,2.91611581624527e-002,0.1155685647016141,-2.375731540152386,12.45815086469042,0,0,0
img274.png,2.644064101596107,57.93066317927835,70.84343168116177,-178.5351205166684,42.48572138984694,-0.2687211872247035,59.8839225146974,3.829650052934813e-003,2.646658117130308e-002,9.361438491149825e-002,-1.857751045389235,8.842809551432515,0,0,0
img275.png,-7.19806183997885,57.49421084951906,70.90004806829631,171.6148745382881,42.51812090821251,-0.2631835638410292,59.94548321847921,1.930291113955877e-003,2.554615399915875e-002,9.471631666436252e-002,-2.112893017287483,12.9711334937562,0,0,0
img276.png,-17.14158915754061,55.35751154156019,71.02569113345712,161.4616051707281,42.62479442287744,-0.2401745983416655,60.06878450209688,-4.162213109251793e-004,2.24283526764966e-002,6.521144707545047e-002,-1.254280886845846,5.33458671399826,0,0,0
img277.png,-26.3261924651734,51.67703903249993,71.23470731289598,151.6081686950168,42.7711808591227,-0.2199221172261797,60.25185000402334,-2.698716393158599e-003,1.754826338629065e-002,4.721785273283321e-002,-0.9599785805930773,4.729217305914246,0,0,0
img278.png,-34.85370134520956,45.99002246890279,71.06744268520332,141.4141565407983,42.67785128320332,-0.2192300636064055,60.11490429231677,-4.186153211837967e-003,1.976011746731218e-002,6.405657927129089e-002,-2.02148463723661,22.35198842845634,0,0,0
img279.png,-42.1323451217075,39.36067077014457,71.16813261956371,131.6207391407261,42.79837086846332,-0.2369536923120328,60.21207635403315,-4.778175989133418e-003,1.550310620008168e-002,5.630148938225917e-002,-1.942548474043629,23.18290738968395,0,0,0
img280.png,-48.1862017163111,31.5778290818333,71.2810015456154,121.8352010971047,42.8222516325157,-0.1861973182836572,60.25900549465253,-7.053477861318958e-003,1.385060020985466e-002,6.998005541109434e-002,-2.666833092505981,32.57956709002161,0,0,0
img281.png,-52.99420771058027,22.52337253778596,71.42731386744177,111.6719217928898,42.84303261258557,-0.1485445885457654,60.32746254428868,-8.982912452472175e-003,1.193353542371813e-002,9.562307948971677e-002,-3.558945935598302,45.52697087170193,0,0,0
img282.png,-55.9170605898445,13.11814500454792,71.41808637107835,101.9113788892651,42.87301705951754,-7.214544430033576e-002,60.27883148506992,-1.175889965960367e-002,9.84796781795406e-003,4.478842045457441e-002,-0.7928149706145667,2.519419683357414,0,0,0
img283.png,-57.24864707062067,2.998843191176052,71.43180000674425,91.78260046604582,42.88079376144626,-2.144723131157607e-002,60.24280067737374,-1.374257102826775e-002,8.490840869634624e-003,4.426268894976264e-002,-0.799708400990798,2.514537484318044,0,0,0
img284.png,-56.79771571792779,-6.848924618106144,71.4004115186812,82.01876780496734,42.91279908678524,1.662016402671528e-002,60.16887649801599,-1.478465670883912e-002,6.524466403666451e-003,5.086939208884304e-002,-1.29008150999137,10.77159147910364,0,0,0
img285.png,-54.53936594774879,-16.89389926478707,71.33619908258176,71.81328650002753,42.93994086945929,4.424125079685341e-002,60.07643028602781,-1.522962726299421e-002,4.947894980032549e-003,4.440585036333148e-002,-1.044323248121072,7.11395535846055,0,0,0
img286.png,-50.7268431581441,-26.02503346368487,71.2696834823482,61.99376456313429,42.99026300476389,8.037628633912136e-002,59.99120884049132,-1.57548268525884e-002,2.871885061969955e-003,4.469721641156647e-002,-1.372484250345179,13.04125259023622,0,0,0
img287.png,-45.21937254426476,-34.56466471848563,71.16468685570392,51.91313323739153,43.04624168909855,5.38228948644119e-002,59.85344786454335,-1.39717372532819e-002,6.972597499875129e-004,6.005940595836263e-002,-2.065619757749924,24.56200354429153,0,0,0
img288.png,-19.4061360882249,-20.82612671038022,86.3015824015653,42.68991097786494,20.64068043248345,0.3175473713364808,48.47486861396231,-9.61545433118899e-003,-9.887387790606704e-004,0.1203222408957017,-1.454107688608557,15.20780844744815,0,0,0
img289.png,-15.49812197563994,-23.93476106000295,86.39062795452047,32.88955730156837,20.63723231351852,0.3283904152297623,48.52078572823763,-9.103808081202133e-003,-1.653694377280885e-003,0.119278532015137,-1.079975447761006,4.920943349438945,0,0,0
img290.png,-10.92536823884798,-26.41914626016727,86.40618514792313,22.66603200922131,20.67397169720764,0.3215979242299776,48.53517440449573,-8.189595176354173e-003,-2.85823785399109e-003,0.1082056759458771,-0.7568936870987084,1.825392989750067,0,0,0
img291.png,-6.170699175443429,-27.93395889343607,86.30489211664832,12.88045860061468,20.75870035923989,0.2834420040002181,48.45328740934639,-6.346575093265753e-003,-5.37840357458442e-003,0.1354869415083339,-2.063696134405015,18.77723927961664,0,0,0
img292.png,-1.023677825020044,-28.691422910094,86.29307386812258,2.637607513971542,20.69717289257781,0.2540275423187237,48.45217812297337,-4.752503511124881e-003,-3.942845846055809e-003,0.124013051777211,-1.138854502552429,4.719844265491568,0,0,0
img293.png,3.95803690289655,-28.54197759926928,86.35726937338784,-7.151962851116523,20.69886000408124,0.2600790068139583,48.48029843170879,-3.914139887037938e-003,-4.226680224218645e-003,0.1456725373256357,-2.042577569733793,15.73408848339856,0,0,0
img294.png,9.047599886065006,-27.49817822493166,86.34114961825202,-17.37078562544676,20.75072421360158,0.2474944187091769,48.48127381461427,-2.75695346541737e-003,-5.137754009497115e-003,0.1365173759120142,-2.109042679179683,18.49542131373038,0,0,0
img295.png,13.72348318081271,-25.6109321324696,86.33708344179524,-27.26168067059574,20.74844537745133,0.2235595550465907,48.47565402593375,-1.143827276209901e-003,-4.985863904758383e-003,0.1622038192893441,-3.533256469282519,40.46933347510545,0,0,0
img296.png,18.09412120779206,-22.91229269849561,86.29898930925387,-37.38845246025629,20.69718388715082,0.2044296966188457,48.47076764910573,-3.699282415706304e-005,-3.065275080872253e-003,0.1318694422630486,-1.539566464870043,9.973502429932916,0,0,0
img297.png,21.87070969120683,-19.5331055238049,86.314154060519,-47.34129602568763,20.63388513198508,0.1695268844423805,48.48083840645363,1.552989847473494e-003,-1.133672033274787e-003,0.1375173658697012,-1.239075822599006,7.047869849977558,0,0,0
img298.png,24.97204092845767,-15.63035033273919,86.27131038401676,-57.15314975746313,20.64925336483379,0.1762386259442223,48.47282383255822,1.873153546323495e-003,-4.958492887628633e-004,0.1251758732704534,-0.8490169951279322,5.104790657557292,0,0,0
img299.png,27.40920093274739,-11.06111285097764,86.19104259976591,-67.33939820632544,20.63300688960094,0.1510066325452431,48.43395722993676,2.947532684856571e-003,8.068279314095941e-004,0.1379298393314863,-1.322034526995798,7.918291985120506,0,0,0
img300.png,29.02420367630274,-6.257375223690223,86.19845977779926,-77.30559214884171,20.66034482556356,0.1468357455633019,48.46028407907902,3.3083622829852e-003,1.281687912982927e-003,0.1098031207997361,0.3193368658650785,-20.57037800998961,0,0,0
img301.png,29.69753347836727,-1.027270349801425,86.04957393741287,-87.71937505204551,20.61025168111421,0.1295410890998517,48.37546352509651,3.537425290395078e-003,3.170746425549466e-003,0.1411626660197036,-1.387708559763382,9.108545095981356,0,0,0
img302.png,29.48585969316261,3.876523491570102,85.92421648074207,-97.41232300101579,20.5784148837723,0.138517048814578,48.3209443401093,3.190599620001804e-003,4.785672864034244e-003,0.1181605495942894,-0.1870981299366061,-2.093072903149303,0,0,0
img303.png,28.41733440448306,9.023626954456835,86.062356749286,-107.7696229112186,20.57256553701162,8.88501976638903e-002,48.40219566237712,4.252224920367119e-003,5.404185831589668e-003,0.148012011309714,-1.791682057540716,12.06829135334186,0,0,0
img304.png,26.61449688618779,13.70477992552812,86.31434178313712,-117.6263454310631,20.6226047018104,6.362016677232746e-002,48.56838410953097,4.517480405544839e-003,4.923417799106778e-003,0.113754935872676,-0.6059614193482429,2.2516878128708,0,0,0
img305.png,23.8620172195168,18.18698344393784,86.55213836485811,-127.9515618547333,20.62746273056898,7.063791476786221e-002,48.71560303940564,3.875784035738519e-003,5.150542480977606e-003,9.860156585258274e-002,5.828392683205084e-003,-2.900786268611061,0,0,0
img306.png,20.51153728685903,21.95352934851634,86.70457336295762,-137.7995763897291,20.66235194528441,7.075548263579601e-002,48.81307674779303,3.499269827508535e-003,4.958120926367101e-003,9.668369748761388e-002,-0.1878811247765236,0.5387858328293733,0,0,0
img307.png,16.53484158075156,25.01655944397937,86.64694683506109,-147.6513608880217,20.63175572214423,7.212065447429443e-002,48.78834927214465,2.527196952588435e-003,6.169573445964001e-003,0.101112944322605,-0.4742419332957766,3.97603550706566,0,0,0
img308.png,11.92687096882519,27.52018143753195,86.75219010736828,-157.9228614197525,20.64399559732811,9.265882585164248e-002,48.86555234655489,1.135069851422185e-003,6.593772532913151e-003,8.679956828860905e-002,-8.83074992777009e-002,1.584821140949918,0,0,0
img309.png,7.088214785550019,28.8922941964065,86.33997289017593,-167.7933710112776,20.50176204878667,8.971011149435108e-002,48.62052269020435,2.978097061503652e-004,1.003058438568442e-002,0.1159708172613872,-0.9196185320645363,8.470189665391928,0,0,0
img310.png,1.915177712075901,29.54230470904118,86.14346426966894,-178.0414607138263,20.48293383292938,9.813908420903131e-002,48.51486554664403,-7.631376132392996e-004,1.088403829206722e-002,0.1118345268303045,-0.7334658850305887,5.458533567431912,0,0,0
img311.png,-3.085015922699333,29.3999543647831,86.25309691947561,172.1334253553902,20.50977707799406,9.777799692171309e-002,48.58827049226576,-1.580065674157449e-003,1.050956798596317e-002,8.960986383200492e-002,0.2026126745950647,-6.404765226162922,0,0,0
img312.png,-8.104539527766132,28.29986293146244,86.20596318740213,162.003789675449,20.50500280259602,0.1168312522116294,48.56175152751064,-3.127068870690132e-003,1.063381749645295e-002,8.779178969911973e-002,-6.402515915801978e-002,0.5868858955801455,0,0,0
img313.png,-12.74088575151962,26.44406310626788,86.28039792405652,152.1697411268067,20.53500773433826,0.1083481971033144,48.61369983404948,-3.987416286239921e-003,9.801257822809162e-003,6.271302239495619e-002,0.6375832499804025,-4.605471902293409,0,0,0
img314.png,-17.15218235040825,23.71912296611944,86.37527780305984,141.9950883175676,20.56480376299037,0.126842012151937,48.66552124933427,-5.333986546054607e-003,8.838531147511257e-003,6.00757228834863e-002,0.6168054964138252,-3.845772650539663,0,0,0
img315.png,-20.84251901461633,20.35464200999021,86.39373681446146,132.2187765387563,20.54210931659767,0.1207124334372784,48.66848548361227,-5.757201830665306e-003,8.574348155392614e-003,5.411745004954045e-002,0.9155751026997374,-6.1520496874409,0,0,0
img316.png,-23.88624698192253,16.41481201409674,86.36837025902267,122.4425982752619,20.5476434939497,0.1562811812349868,48.63362296025414,-7.237834959979535e-003,7.596590874444268e-003,7.534502084694322e-002,3.769960489776875e-002,1.356172784209676,0,0,0
img317.png,-26.3005682582006,11.83190570554282,86.40444447328321,112.2871594206062,20.52945865985907,0.1898725930343377,48.6382023511545,-8.458088526949901e-003,6.796574132840202e-003,7.363729786606661e-002,0.1094046268864644,0.5016583776454543,0,0,0
img318.png,-27.82882634524146,7.105584602788451,86.41982308170468,102.5336911944977,20.52456688631335,0.2073133943825028,48.62578688908879,-9.151484914421051e-003,5.891351077684103e-003,8.7415286832437e-002,-0.3080961606600535,2.970543268180496,0,0,0
img319.png,-28.53725743063905,2.001444019290104,86.4174288868078,92.4068258166313,20.52616650175667,0.2160410438292284,48.60042409569137,-9.468056388432022e-003,4.773019999688394e-003,0.1007947447740568,-0.5071204916653308,1.887082917590344,0,0,0
img320.png,-28.37332961766799,-2.965610372633324,86.37487375549975,82.63994334628977,20.55190470432378,0.2722205202591562,48.55985297987776,-1.080791091517217e-002,3.471453445477174e-003,0.1044678207239876,-0.7428015251125084,6.736554342231602,0,0,0
img321.png,-27.28650496915051,-8.046231240881493,86.30082390319276,72.42944705368286,20.60668642056912,0.3304859595486734,48.50525808861347,-1.194319586714668e-002,1.380161427102484e-003,8.881319382247763e-002,-0.2243461775412161,2.638842838799353,0,0,0
img322.png,-25.42579640723214,-12.69799246411337,86.27506022821952,62.59775936167534,20.64115897556923,0.3440626399828922,48.47698290385527,-1.170027204248771e-002,-1.443120655132862e-005,0.1054159039203323,-1.045167819249442,12.54403900026018,0,0,0
img323.png,-22.69039270177087,-17.03535025381125,86.12492367677382,52.5065859226933,20.74275019095039,0.3421005492189506,48.37778109483034,-1.112857426534616e-002,-2.874316802375002e-003,8.290866081775922e-002,0.2597644602734555,-10.2475737370683,0,0,0
img324.png,2.162139750994915,0.5989507265551204,90.88724989447651,41.99513134028874,-0.5756768014427051,0.6488755528363161,45.03709120106119,-7.171169780005557e-004,-6.827659094039104e-003,0.1747443312825224,-7.190287826554236,84.92687759909124,0,0,0
